confirma_diagnostico_como	protocolo_vigilancia	riesgo_tumoral_cuantificado	ensayo_funcional_descrito	hallazgo_renal	correlacion_alelo_gravedad	frase_clave	pmid	year	title
Cytogenetic analysis revealing various multiple numerical aneuploidies in blood lymphocytes, fibroblasts, and bone marrow cells, together with premature centromere division (PCD)						mosaic variegated aneuploidy with PCD may be a clinically recognizable syndrome with major phenotypes being mental retardation, microcephaly, structural brain anomalies	10429359	1999	Syndrome of microcephaly, Dandy-Walker malformation, and Wilms tumor caused by mosaic variegated aneuploidy with prematu
Mitotic-index analysis showing absence of mitotic block after colcemid treatment; presence of total premature chromatid separation (total PCS) and mosaic variegated aneuploidy in metaphases			Skin fibroblast cells; colcemid-induced mitotic-spindle checkpoint response; bromodeoxyuridine-incorporation measurement			Cells were insensitive to the colcemid-induced mitotic-spindle checkpoint	10877982	2000	Chromosomal instability syndrome of total premature chromatid separation with mosaic variegated aneuploidy is defective 
variegated mosaic aneuploidy en linfocitos cultivados con total premature chromatid separation (PCS)		7 de 10 infantes desarrollaron tumores de Wilms probados o probables		cystic lesions in bilateral kidneys en un infante; cystic changes presentes en seis infantes con tumores		All five infants showed variegated mosaic aneuploidy in cultured lymphocytes with total premature chromatid separation.	11746029	2002	Cancer-prone syndrome of mosaic variegated aneuploidy and total premature chromatid separation: report of five infants.
mutaciones de BUB1B (truncating y missense)						germline mutations in a spindle checkpoint gene with a human disorder strongly support a causal link between aneuploidy and cancer development	15475955	2004	Constitutional aneuploidy and cancer predisposition caused by biallelic mutations in BUB1B.
Mutaciones bialeélicas en BUB1B						constitutional BUB1B mutations cause mosaic variegated aneuploidy, a condition characterized by constitutional aneuploidies and childhood cancer predisposition	16182441	2006	Comparative genomic hybridization and BUB1B mutation analyses in childhood cancers associated with mosaic variegated ane
						increased frequency of cells with premature chromatid separation in blood cultures of both a woman and her son with tumor	17981217	2008	Premature chromatid separation in a woman with carcinoma in situ of the uterine cervix and in her son with keratoacantho
						BubR1 protein down-regulation and RASSF1A hypermethylation might be implicated in chromosomal changes in Wilms tumors	18286482	2008	Combined BubR1 protein down-regulation and RASSF1A hypermethylation in Wilms tumors with diverse cytogenetic changes.
G-banded metaphases from lymphocyte cultures and FISH in interphase nuclei from buccal cells		7/8 patients with monoallelic BUB1B mutations developed Wilms' tumor		Wilms' tumor in 7/8 patients with monoallelic BUB1B mutations	Monoallelic BUB1B mutations: severe phenotype; biallelic mutations: moderate phenotype; no BUB1B mutations: mild phenotype	Three clinical pictures delineated point to involvement of at least another mitotic spindle checkpoint gene	18548531	2008	Clinical and genetic heterogeneity in patients with mosaic variegated aneuploidy: delineation of clinical subtypes.
Detección de PCS en células con BUBR1 residual y aneuploidy en células con BUBR1 < 50%			Células HeLa con shRNA; lectura: niveles de PCS y aneuploidy correlacionados con gradiente de BUBR1 residual		Alelo nulo combinado con alelo hipomórfico común produce MVA; modo de herencia recesivo en algunas familias	Función de BUBR1 en checkpoint espinular es notablemente dependiente de dosis	18932004	2009	Gradual reduction of BUBR1 protein levels results in premature sister-chromatid separation then in aneuploidy.
				Wilms tumor (WT) is the most common primary renal tumor in childhood		WT with two other malignancies, acute myeloid leukemia and medulloblastoma in association with chromosomal instability	19373780	2009	Wilms tumor, AML and medulloblastoma in a child with cancer prone syndrome of total premature chromatid separation and F
							19690971	2009	Premature chromatid separation is not a useful diagnostic marker for Cornelia de Lange syndrome.Noonan Syndrome
Premature chromatid separation and mosaic variegated aneuploidy detected in cells; homozygous BUB1B mutation c.2386-11A→G identified						BUB1B mutations and mosaic variegated aneuploidy syndrome associated with common adult-onset cancers	21190457	2011	Homozygous BUB1B mutation and susceptibility to gastrointestinal neoplasia.
						all 38 patients were alive at the time of reporting and none has developed cancer	21290971	2011	Variegated-like mosaicism and ring syndrome in a r(4) boy. Appraisal of 38 patients with a fairly complete ring 4.
		3.5%		left renal agenesis		Associated genetic, metabolic and congenital conditions were detected in 3.5% of the cases.	22415382	2012	Primitive neuroectodermal tumors of the central nervous system associated with genetic and metabolic defects.
Análisis cromosómico mostrando múltiples células aneuploides y separación prematura de cromátidas en el 59.5% de 119 células						Mosaic variegated aneuploidy syndrome can be associated with developmental brain anomalies that lead to early-onset epileptic encephalopathy	23916859	2014	Refractory infantile spasms associated with mosaic variegated aneuploidy syndrome.
c.915-925dup11 mutation in CEP57 (p.Leu309ProfsX9)						Rhizomelic shortening of the upper limbs, skull anomalies with conserved head circumference, and absence of tumor development	24259107	2015	CEP57 mutation in a girl with mosaic variegated aneuploidy syndrome.
Examen cromosómico de células de líquido amniótico mostrando separación cromática prematura en 63% de metafases y ganancia/pérdida múltiple de cromosomas						MVA characterized by mosaic aneuploidies involving multiple chromosomes and predisposition to cancer	25696020	2015	A case report of a fetus with mosaic autosomal variegated aneuploidies and literature review.
						aneuploid hematopoietic stem cells (HSCs) exhibit decreased fitness	27313317	2017	Aneuploidy impairs hematopoietic stem cell fitness and is selected against in regenerating tissues in vivo.
Exome sequencing identificando mutaciones bialeicas en TRIP13			Células de pacientes; medición de deficiencia del checkpoint de ensamblaje del huso (SAC) y tasa de segregación cromosómica		Mutaciones bialeicas en TRIP13 o BUB1B asociadas con alto riesgo de tumores embrionarios; deficiencia severa de SAC. MVA por mutaciones bialeicas en CEP57 o de causa desconocida no asociadas con tumores embrionarios; deficiencia mínima de SAC	Biallelic TRIP13 mutations predispose to Wilms tumor and chromosome missegregation	28553959	2017	Biallelic TRIP13 mutations predispose to Wilms tumor and chromosome missegregation.
		33% de ChRCC con mutaciones TP53 cuando HNF1B está reprimido	Fibroblastos embrionarios murinos y células ACHN; lectura de expresión de proteínas del punto de control (MAD2L1, BUB1B, RB1, p27) y desarrollo de aneuploidía			HNF1B loss leads to abnormal mitotic protein regulation and induction of aneuploidy	28807937	2017	HNF1B Loss Exacerbates the Development of Chromophobe Renal Cell Carcinomas.Neurofibromatosis
heterozygous germline pathogenic variant in LZTR1 or SMARCB1 identified by molecular genetic testing	Annual neurologic examination and pain assessment; brain and spine MRI or whole-body MRI every two to three years beginning at age 12 years				Meningiomas have only been reported in individuals with SMARCB1-related schwannomatosis; Malignancy remains a risk especially in individuals with SMARCB1-related schwannomatosis	Diagnosis established in proband with characteristic clinical findings and heterozygous germline pathogenic variant in LZTR1 or SMARCB1	29448935	2018	Germline mutations in the spindle assembly checkpoint genes BUB1 and BUB3 are infrequent in familial colorectal cancer a
							29615843	2022	Bioinformatic analysis of prognostic value of ZW10 interacting protein in lung cancer.
Amniocentesis y análisis cromosómico (PCS en 80% de células fetales cultivadas)						PCS/MVA syndrome is associated with the development of various malignancies in early life	29673003	2018	Prenatal diagnosis of premature chromatid separation/mosaic variegated aneuploidy (PCS/MVA) syndrome.
Mutación homocigota CEP57 c.915_925dupCAATGTTCAGC						Homozygous for this mutation and he is the first case with rhizomelic shortening of both the upper and lower limbs	30010053	2019	A homozygous CEP57 c.915_925dupCAATGTTCAGC mutation in a patient with mosaic variegated aneuploidy syndrome with rhizome
						mosaic variegated aneuploidy should be considered if mosaic aneuploidies are observed on karyotype	30147898	2023	Mosaic variegated aneuploidy syndrome caused by a CEP57 mutation diagnosed by whole exome sequencing.
Karyotype analysis of peripheral blood lymphocytes discovering variegated aneuploidy cells				renal lesions		Compound heterozygous variants of the BUB1B gene probably underlie the pathogenesis	30512160	2019	[Clinical features and genetic analysis of a child with mosaic variegated aneuploidy syndrome].
							30988807	2020	Identification of key genes involved in the metastasis of clear cell renal cell carcinoma.
NGS (next generation sequencing) detectó mutaciones en BUB1B: c.498_505delAAACTTTA y c.1288+5G>A						RIC HSCT with TCRαβ+/CD19+ depletion was well tolerated and resulted in complete hematologic recovery but followed by rapid graft rejection	31053147	2019	Hematopoietic stem cell transplantation in a patient with type 1 mosaic variegated aneuploidy syndrome.
biallelic BUB1B germline mutations				bilateral Wilms tumor		biallelic BUB1B germline mutations associated with premature chromatid separation/mosaic variegated aneuploidy syndrome	31081598	2020	Long-term remission of bilateral Wilms tumors that developed from premature separation of chromatids/mosaic variegated a
							31555364	2020	Identification of key genes and microRNAs involved in kidney Wilms tumor by integrated bioinformatics analysis.
							31943948	2021	Double homozygosity in CEP57 and DYNC2H1 genes detected by WES: Composite or expanded phenotype?
							32035007	2020	Comprehensive Analysis of Differential Gene Expression to Identify Common Gene Signatures in Multiple Cancers.
							32309427	2021	Identification of Four Pathological Stage-Relevant Genes in Association with Progression and Prognosis in Clear Cell Ren
blood karyotype showing mosaic variegated aneuploidies						blood karyotype in patients presenting with short stature and microcephaly	32861809	2021	Follow-up of two adult brothers with homozygous CEP57 pathogenic variants expands the phenotype of Mosaic Variegated Ane
							32884756	2024	Prenatal diagnosis and long-term follow-up of a Chinese patient with mosaic variegated aneuploidy and its molecular anal
							32939436	2025	Novel Mutations and Genes That Impact on Growth in Short Stature of Undefined Aetiology: The EPIGROW Study.
						Genetic evaluation with counseling and/or testing may help identify an underlying tumor predisposition.	33209717	2024	Germline predisposition to genitourinary rhabdomyosarcoma.
			Knockdown de BUB1B en líneas celulares de RCC; lectura: supresión de crecimiento celular e invasión	Alta expresión de BUB1B correlacionada con alto grado nuclear, estadio T y estadio M en carcinoma de células renales		BUB1B plays an oncogenic role and may be a promising predictive biomarker for survival in RCC	33588420	2021	BUB1B Overexpression Is an Independent Prognostic Marker and Associated with CD44, p53, and PD-L1 in Renal Cell Carcinom
							33798737	2022	Icariin enhances youth-like features by attenuating the declined gut microbiota in the aged mice.
							34606125	2022	Identification of potential biomarkers associated with immune infiltration in papillary renal cell carcinoma.
						SKA3 mRNA expression was significantly upregulated and the area under the curve was 0.792	34849004	2022	SKA3 Serves as a Biomarker for Poor Prognosis in Kidney Renal Papillary Cell Carcinoma.
							35037540	2022	Identification of prognostic biomarkers in papillary renal cell carcinoma and PTTG1 may serve as a biomarker for predict
			Línea celular renal humana; inhibición de niveles proteicos de genes diana y viabilidad celular			Identificaron módulos génicos enriquecidos con firmas desfavorables y favorables indicando resultados de supervivencia pobres y buenos	35339898	2022	Prediction of drug candidates for clear cell renal cell carcinoma using a systems biology-based drug repositioning appro
Karyotype analysis of peripheral blood showing mosaic variegated aneuploidies; Whole-exome and Sanger sequencing revealing homozygous nonsense variant NM_014679.4: c.312 T > G in CEP57						novel homozygous nonsense variant of CEP57 (p.Tyr104*) in MVA syndrome	35434947	2022	A novel CEP57 variant associated with mosaic variegated aneuploidy syndrome in a Chinese female presenting with short st
Karyotyping revealing 12% mosaics and novel BUB1B variant (c.2679A>T, p.Arg893Ser) detected by WES					Novel BUB1B variant (c.2679A>T, p.Arg893Ser) associated with severe neurologic impairment, microcephaly and epileptic seizures	Karyotyping has revealed 12% of mosaics in the patient who carries a novel variant in BUB1B gene	35804254	2022	Pathogenic correlation between mosaic variegated aneuploidy 1 (MVA1) and a novel BUB1B variant: a reappraisal of a sever
			Células LO2-HBx y Huh-7-HBx; lectura: Co-immunoprecipitación acoplada a espectrometría de masas			CDK1, RRM2, ANLN, y HMMR interaccionan específicamente con HBx en ambos modelos celulares	36553600	2023	Significance of Identifying Key Genes Involved in HBV-Related Hepatocellular Carcinoma for Primary Care Surveillance of 
							36564071	2022	Identification of Biomarkers for Ovarian Cancer Diagnosis and Prognosis by Bioinformatics Analysis and q-PCR Validation.
whole exome analysis (WES)						patients with MVA2 carrying CEP57 probably do not benefit from growth hormone treatment	36588761	2023	Mosaic Variegated Aneuploidy Syndrome and Noonan Syndrome in the Same Family.
							36600965	2023	Screening of Key Prognosis Genes of Lung Adenocarcinoma Based on Expression Analysis on TCGA Database.
			Ciclo celular y western blotting en células LUSC			QR inhibe proliferación, migración, invasión y bloquea progresión del ciclo celular en LUSC	36605099	2023	The Mechanism of Quercetin in the Treatment of Lung Squamous Cell Carcinoma Based on a Protein-Protein Interaction Netwo
				ccRCC accounts for 70% of all RCC cases		DNA methylation of TYROBP, BIRC5, BUB1B, CENPF, and MELK may be promising for ccRCC prognosis	36793506	2023	Identification of Differentially Methylated Genes Associated with Clear Cell Renal Cell Carcinoma and Their Prognostic V
							37228122	2023	Inferring evolutionary trajectories from cross-sectional transcriptomic data to mirror lung adenocarcinoma progression.
							37304238	2023	Comprehensively analyzing the genetic alterations, and identifying key genes in ovarian cancer.
							37525917	2026	In Silico Insight to Identify Potential Inhibitors of BUB1B from Mushroom Bioactive Compounds to Prevent Breast Cancer M
			Células H9 y HH de linfoma cutáneo de células T; apoptosis por annexin V/PI y viabilidad por CCK8			Higher expression levels of these genes showed reduced overall and progression-free survival in the CTCL patient cohort.	37865581	2023	In vitro evaluation of Neosetophomone B inducing apoptosis in cutaneous T cell lymphoma by targeting the FOXM1 signaling
Sequencing analysis identifying CEP192 biallelic variants (c.1912C>T, p.His638Tyr and c.5750A>G, p.Asn1917Ser)			Mouse primary embryonic fibroblasts and patient epithelial cells cultured in vitro; readouts: abnormal morphology, mitotic arresting, disruption of spindle formation, prophase arrest		CEP192 biallelic variants segregated with microcephaly, short stature, limb-extremity dysplasia, and reduced testicular size; monoallelic variants segregated with infertility and/or reduced testicular size	mutant CEP192, which is a link for the MVA syndrome with tetraploidy and the predisposition to male infertility	37981762	2024	Mosaic variegated aneuploidy syndrome with tetraploid, and predisposition to male infertility triggered by mutant CEP192
							38058845	2023	Transcriptomics data mining to uncover signature genes in head and neck squamous cell carcinoma: a bioinformatics analys
			Células Kupffer (KCs), ensayo CCK-8 de proliferación			microgravity could affect the expression of LMO2 and EZH2 to reduce the transcription of Racgap1, Ccna2, Nek2, Aurka, Plk1, Haus4, Cdc20, Bub1b	38245345	2024	Simulated microgravity altered the gene expression profiles and inhibited the proliferation of Kupffer cells in the earl
							38482416	2024	Construction and validation of a joint diagnosis model based on random forest and artificial intelligence network for he
análisis genético completo demostrando mutaciones heterocigóticas compuestas en el gen BUB1B						BUB1B mutations linked to mosaic variegated aneuploidy syndrome 1, rare autosomal recessive disorder	38664248	2024	Sudden unexpected postnatal collapse and BUB1B mutation: first forensic case report.
						MAD2L1 and BUB1B could be used as markers to predict ovarian carcinogenesis and prognosis	38683465	2025	Identification of MAD2L1 and BUB1B as Potential Biomarkers Associated with Progression and Prognosis of Ovarian Cancer.
Chromosome analysis revealing PCS trait in 81 of 200 cells (40.5%)						If both members of a couple are carriers, 25% likelihood of child with PCS syndrome	38770464	2024	Premature Chromatid Separation Trait Found During the Diagnosis of Male Infertility: A Case Report.
			Caki-1 cells (ccRCC cell line); BUB1B expression modulation, necrosis and apoptosis			Three compounds effectively downregulated BUB1B expression and triggered necrosis and apoptosis in Caki-1 cells	39002511	2024	Design and evaluation of novel inhibitors for the treatment of clear cell renal cell carcinoma.
		~1.9% en casos tempranos/familiares de cáncer de próstata; ~0.6% en otros pacientes con cáncer	Linfocitos periféricos de pacientes y tumores ex vivo; lectura de separación prematura de cromátidas y inestabilidad cromosómica			BUB1B variants lead to decreased BubR1 expression and/or stability, which promotes increased premature chromatid separation	39014450	2024	BUB1B monoallelic germline variants contribute to prostate cancer predisposition by triggering chromosomal instability.
							39169044	2024	Unraveling druggable cancer-driving proteins and targeted drugs using artificial intelligence and multi-omics analyses.
						rare germline variants in DNA repair genes may be accountable for FNMTC susceptibility	39251783	2024	Identification of novel candidate predisposing genes in familial nonmedullary thyroid carcinoma implicating DNA damage r
						increased risk of developing cancers beginning in childhood	39264246	2024	Update on Recommendations for Cancer Screening and Surveillance in Children with Genomic Instability Disorders.
							39490209	2024	Generation and characterization of two isogenic induced pluripotent stem cell lines from a young female with microcephal
			Células Caki-1; lectura de viabilidad celular (MTT, LDH), expresión de proteínas (western blotting), actividad enzimática de BUB1B, enlace intracelular (CETSA)			Compound 8h destabilizing BUB1B induces apoptosis, showing promise as therapeutic candidate for ccRCC	39818011	2025	Synthesis and biological assessment of BUB1B inhibitors for the treatment of clear cell renal cell carcinoma.
							39848951	2025	Identification of potential biomarkers for 2022 Mpox virus infection: a transcriptomic network analysis and machine lear
						increased risk for bilateral vestibular schwannomas, intradermal schwannomas, meningiomas, and less commonly, ependymoma	39937237	2025	Update on Cancer and Central Nervous System Tumor Surveillance in Pediatric NF2-, SMARCB1-, and LZTR1-Related Schwannoma
Mutación germinal o constitucional en NF2, SMARCB1 o LZTR1						NF2-related SWN involves bilateral vestibular schwannomas, with treatment options including microsurgery, radiotherapy, and bevacizumab	40049215	2025	Genetic Basis and Clinical Management of Schwannomatosis.
			Células de hígado, pulmón, mama, vejiga humanas y de ratón/rata; lectura: índice mitótico e inducción de defectos de cohesión			MOCA induces chromosome aneuploidy via cohesion defects independent of hepatic metabolism	40073788	2025	4,4'-methylenebis(2-chloroaniline) induces chromosome aneuploidy associated with premature chromatid separation in mamma
genetic testing for pathogenic variants in NF2 gene						genetic testing for pathogenic variants in these genes became an important essence to support diagnosis of NF2	40090344	2025	Clinical and Genetic Overview of Neurofibromatosis Type 2 (NF2).
							40100920	2025	Comprehensive analysis of intervention and control studies for the computational identification of dengue biomarker gene
							40168776	2025	Discovering potential therapeutic targets in glioblastoma multiforme using a multi-omics approach.
						strong ORs for these common truncating variants in cancer susceptibility genes	40216537	2025	Effects of higher-than-expected control population allele frequency on classification of loss-of-function variants in ca
							40220420	2025	Integrating thermal proteome profiling and virtual screening to reveal the mechanism of Bletilla striata against osteocl
							40286596	2025	Identification of key hub genes and potential therapeutic drugs for nasopharyngeal carcinoma: Insights into molecular me
Pathological analysis (histopathology)						Pathological analysis confirmed the diagnosis of schwannoma except 2 cases of hybrid neurofibroma/schwannoma tumors.	40293327	2025	Surgical Management of Peripheral Nerve Schwannomas in Non-Neurofibromatosis Type 2 Schwannomatosis.
			neuronas sensoriales, responsividad a agonistas TRPV1 y TRPA1		CM de tumor SMARCB1 sensibiliza a estímulos mecánicos bajos con efecto que disminuye en el tiempo; CM sin mutaciones detectadas causa mayor aumento de responsividad con efecto de 2 días	painful SMARCB1 mutant CM sensitized mice to mechanical stimulation at low forces	40328914	2025	Conditioned medium from painful non-NF2 schwannomatosis tumors increases pain behaviors in mice.
							40372032	2025	Genetic Analysis of Intracranial Schwannomas: Differential NF2 Alteration Frequencies in Nonvestibular Schwannomas Versu
Whole exome sequencing (WES) identificó variantes heterocigotas compuestas en BUB1B; amniocyte karyotyping reveló mosaicismo aneuploidía de bajo nivel					Proporción más alta de metafases anormales en el padre respecto a la madre	The compound heterozygous variants in BUB1B may constitute the genetic etiology of the two MVA fetuses	40555658	2025	[Genetic analysis of two fetuses with Mosaic variegated aneuploidy syndrome caused by compound heterozygous variants in 
		approximately 5% associated with NF2-related schwannomatosis				loss of both copies of the NF2 gene can be detected in most schwannomas	41052866	2025	Genomics of vestibular schwannoma.
							41153967	2025	Screening and Functional Transformation Analysis of Genes Related to Skeletal Muscle Development in Supplemental-Fed Oul
						2-gene signature for phaeochromocytoma/paraganglioma (AQP4, FAM84H)	41179328	2025	Identification of Prognostic Gene Signatures for Survival of Patients With Phaeochromocytoma, Paraganglioma, and Other T
histopatología confirmada + criterios diagnósticos del International Consensus Group on Neurofibromatosis		56% con enfermedad metastásica				MPNSTs can arise in NF2- and SMARCB1-related schwannomatosis without prior radiation exposure	41237389	2026	Malignant peripheral nerve sheath tumors in schwannomatosis: a case series.
		72.9% (mortality rate)			S100 loss associated with decreased survival; NF2 with prior radiation therapy associated with decreased survival	MPNSTs can arise even in the absence of prior radiation exposure and may mimic benign schwannomas	41237393	2026	Malignant peripheral nerve sheath tumors in schwannomatosis: systematic review and meta-analysis.
						HNS frequently show alterations in genes NF2, LZTR1, and SMARCB1, often accompanied by losses of chromosome 22q.	41247561	2025	Hybrid neurofibroma/schwannoma in schwannomatosis-a diagnostically challenging benign peripheral nerve sheath tumour.
							41284083	2025	Molecular pathogenesis of the schwannomatosis genes and genetic testing strategies.
			Células de adenocarcinoma pulmonar (LUAD); viabilidad, migración e invasión			TOP2A knockdown inhibited viability, migration, and invasion of LUAD cells	41285333	2025	TOP2A, BUB1B, CENPF, KIF15 and MELK: Key senescence-related genes linked to prognosis and immune infiltration in lung ad
						DGCR8 and SOX10 have emerged as novel susceptibility genes, supported by accumulating molecular and clinical data	41286185	2025	Novel susceptibility genes for non-NF2-/LZTR1-/SMARCB1-related hereditary schwannomatosis.
Cytogenetic analysis revealing near-tetraploidy (9.7%) and MVA (46.9%)						compound heterozygous SMC5 variants associated with MVA/near-tetraploidy and attenuated clinical presentation	41374403	2025	Recessive SMC5 Variants in a Family with Near-Tetraploidy/Mosaic Variegated Aneuploidy.
						Seven genes showed nominal enrichment in both CHD and NB cohorts, supporting shared developmental mechanisms.	41431348	2026	Evaluating the Genetic Overlap Between Congenital Heart Disease and Neuroblastoma Risk.
							41439111	2025	A Systems Biology and Drug Repositioning Approach for the Analysis of Mutual Genes Between Celiac Disease and Irritable 
						Identifying the BAP1 mutation enabled preventive care, genetic testing for relatives, and tailored cancer screening.	41442315	2026	Identification of BAP1 Germline Mutation in a Pediatric Patient With Skull Base Meningioma.
						A germline LZTR1 mutation was subsequently identified, implying the patient suffered from schwannomatosis.	41522855	2026	Central nervous system schwannoma, VGLL-fused (EWSR1::VGLL1 fusion) with neuroblastoma-like cell dense areas in the fron
		hazard ratio 1.39 (IC 95%: 1.20–1.63)				BUB1B overexpression independently predicted poor overall survival and correlated with tumor size and BCLC stage	41545558	2026	Translational evaluation of BUB1B as a precision medicine biomarker for hepatocellular carcinoma.
Resonancia magnética lumbar con múltiples nódulos de cauda equina y ecografía de nervio periférico con fascículos nerviosos agrandados						SWN should be considered as part of the differential diagnosis when multiple peripheral nerve tumors are detected	41565301	2026	[Schwannomatosis diagnosed from an approximately 30-year history of multiple mononeuropathy accompanied by multiple caud
				Males exhibited broader but more homogeneous transcriptional response; females showed narrower yet more pronounced activation pattern		gentamicin nephrotoxicity governed by shared cell-cycle core but modulated by sex-specific repair programs	41579174	2026	Sex-dependent transcriptional responses and druggable targets in gentamicin-induced nephrotoxicity.
							41654957	2026	Schwannomatosis tumor modeling: progress and prospects for translational research.
whole exome sequencing						whole exome sequencing is crucial	41700350	2026	A novel CEP57 gene mutation in mosaic variegated aneuploidy syndrome 2: case report.
Análisis genético somático de nódulos tumorales mediante secuenciación dirigida de genes NF2, SMARCB1 y LZTR1					Schwannomas multinodulares asociados con NF2 somático mosaico (5/9; 55%); schwannomas mononodulares asociados más frecuentemente con LZTR1 (9/13; 69%)	mosaic NF2-related schwannomatosis in patients harboring multi-nodular peripheral nerve schwannomas	41824074	2026	High frequency of mosaic NF2-related schwannomatosis diagnosed after somatic analysis of multi-nodular schwannomas in sc
Panel de secuenciación de ADN dirigido (tumor-normal)						ERBB2 mutations may represent an alternative mechanism driving neurofibroma genesis	41881191	2026	Recurrent Epidermal Growth Factor Receptor 2 (ERBB2) Mutations Drive the Pathogenesis of Multifocal Neurofibroma Variant
							41895167	2026	In silico discovery of selective TPX2 and BUB1B inhibitors as novel antimitotic agents in breast cancer therapy.
						clEDS due to TNXB variants is a hereditary connective tissue disorder that shares clinical features with classic EDS but differs genetically	41960132	2026	Bilateral optic neuritis and multiple nerve sheath tumors in a patient with genetically characterized Ehlers-Danlos synd
							41990050	2026	Comparison of lymphocyte populations, cytokine, and autoantibody profile in patients with rheumatoid arthritis: a study 
			Células de mieloma múltiple (líneas H929 y U266) y sus derivados adaptados a carfilzomib; lectura: niveles de transcrito de uXBP1, ATF6 y LAMP2A por ddPCR			Circulating plasma cells may represent a minimally invasive alternative or adjunct for molecular profiling	42072278	2026	Circulating Plasma Cells as a Minimally Invasive Adjunct to Bone Marrow Aspirates for Genetic Analysis of ER Stress and 
			Fibroblastos caninos (modelo GM1) con medida de acumulación de gangliósido GM1 por inmunocitoquímica			STARs achieved greater substrate clearance than competitive PC NN-DGJ under conditions tested	42074270	2026	Development of Small-Molecule Allosteric Modulators of Beta-Galactosidase (&#x3b2;-Gal) for the Treatment of GM1 Ganglio
	Vigilancia clínica sin especificación de pruebas, órganos ni periodicidad					malignant transformation in benign-appearing SCT-NOS and the rare risk of recurrence	42095055	2026	Malignant transformation of a testosterone-secreting ovarian steroid cell tumor: a case report.
							42095275	2026	Proteolytic remodelling of the extracellular matrix by pericytes.
							42099594	2026	Role of cancer-associated fibroblast-derived exosomes in pancreatic cancer: clinical therapeutic potential and targeting
			fibroblastos derivados de pacientes; medición de actividad enzimática residual (GCase, GAA, α-Gal A)			co-administration with active-site chaperones yielded synergistic improvements, increasing residual enzyme activities by 16-30%	42107261	2026	l-NBDNJ allosteric chaperone for multiple defective enzymes involved in lysosomal storage disorders (LSDs).
							42137157	2026	Whole-volume apparent diffusion coefficient histogram analysis for prediction of programmed cell death ligand 1 expressi
							42138940	2026	Mechanisms of Pericyte-Mediated Cancer Metastasis.
							42148707	2026	Peptide-mediated inhibition of aberrant chaperone-mediated autophagy in pericytes prevents glioblastoma progression thro
			Células epiteliales primarias humanas de glándula salival; diferenciación en linajes específicos			CD44 expression remained high (>95%) throughout expansion, with negligible detection of CD133	42182494	2026	Optimizing Primary Human Salivary Stem/Progenitor Cells for Tissue Engineering Applications.
			Células epiteliales gingivales humanas normales (PCS) y fibroblastos gingivales (HGF) con cuantificación de citoquinas proinflamatorias por ELISA y actividades enzimáticas antioxidantes por ensayos colorimétricos			p-Synephrine-loaded exosomes demonstrated the most significant results in reducing inflammation and enhancing antioxidant defenses	42185524	2026	Bio inspired assessment of titanium-organic framework and exosome-constructed p-Synephrine carriage: pursuing the PI3K/m
							42210556	2026	Mechanistic investigation of Liujing Toutong tablet in the treatment of cerebral ischemia-reperfusion injury in rats by 
							42217715	2026	UV spectroscopy associated with machine learning as a complementary tool for the diagnosis of Ehrlichia canis in dogs.
							42236214	2026	Spatial epidemiology and socio-economics of bovine brucellosis in selected districts of the Northern Province of Sri Lan
			Células epiteliales tubulares renales (RTECs) tratadas con TGF-β; macrófagos derivados de médula ósea (BMDMs) expuestos a p-cresol sulfato (PCS). Lecturas: expresión de componentes del inflamasoma NLRP3, interacción NLRP3-ASC, ensamblaje del inflamasoma (oligomerización y ensayo de proximidad)	Reducción de albuminuria, mejora de la función renal, atenuación de cambios fibróticos e infiltración de macrófagos en tejido renal		Colchicine can attenuate kidney injury and fibrosis in adenine-induced CKD mice by inhibiting NLRP3 inflammasome assembly	42237213	2026	Colchicine attenuates kidney injury by modulating the NLRP3 inflammasome pathway.
			CLL cells in culture with CD74 blockade			CD74 blockade consistently inhibits CLL cell growth in culture	42244527	2026	CCL19+ fibroblasts define a proliferative niche in chronic lymphocytic leukemia.
							42254345	2026	Improving immune function and mitochondrial health in patients undergoing hemodialysis: benefits of combining high-flux 
			DPSCs (células madre de pulpa dental); lectura de contracción de colágeno y capacidad de restringir sprouting de HUVECs en modelo 3D			EphB4/EphrinB2/SRF signaling axis pivotal in regulating DPSCs into functional pericyte-like cells during angiogenesis	42298719	2026	EphB4/EphrinB2 signaling regulates pericyte-like function of DPSCs in angiogenesis via transcriptional factor SRF.
							42354937	2026	Immunological Mechanisms and Machine Learning Applications in Post-COVID-19 Syndrome: A Narrative Review.
		11.6% de pacientes con variantes P/LP; 18.9% con variantes P/LP; 23.7% de variantes P/LP en genes asociados a CPS	Estudios in vitro para reclasificación de variante LZTR1 de VUS a LP			18.9% de pacientes tenían variantes P/LP; mayor prevalencia de CPS en estos pacientes que la reportada previamente.	42363591	2026	Pediatric high-grade gliomas and cancer predisposition syndromes: A retrospective study.
							42423379	2026	Limited agreement of cytokines and CRP through patient-centric microsampling compared to venipuncture in healthy adults.
Duplex sequencing de ADN derivado de sangre detectando variantes patogénicas NF2 de baja frecuencia (hasta 0.06% VAF)						Duplex sequencing enables robust detection of ultra-low-frequency NF2 variants in SWN	42432501	2026	From clinical suspicion to molecular detection of low-level mosaicism in NF2-related schwannomatosis via ultra-sensitive
G-banding y centromere-specific PNA-FISH mostrando tasas elevadas de PCS en linfocitos			Linfocitos de sangre periférica: expresión de mRNA por RT-PCR y niveles de proteína BUBR1 por Western blot			heterozygous BUB1B variants may impair SAC fidelity, leading to somatic PCS and recurrent embryonic aneuploidy	42434306	2026	Functional and clinical evidence for two novel heterozygous BUB1B variants and their value in precision genetic counseli
							42453918	2026	Cinnamon (Cinnamomum zeylanicum) Oil Loaded Solid Lipid Nano-Particle and Its Protoscolicidal Effects.
		28.0% con TMB ≥ 10 mut/Mb; 12.0% con TMB ≥ 20 mut/Mb				A subset of PCs showed elevated assay-reported TMB values and genomic features potentially related to abnormalities in DNA replication or repair pathways.	42455276	2026	Comprehensive genomic profiling and tumor mutational burden in parathyroid carcinoma: a nationwide real-world study from
			WiT49 cells; knockdown suppressed malignant phenotypes			CDCA8 maintains ATP5F1A protein stability in Wilms tumor cells	42479720	2026	CDCA8 regulates ATP5F1A protein stability and malignant phenotypes in wilms tumor cells: Prognostic implications and mec
							42545942	2026	Effects of the combination therapy of hemodialysis with hemoperfusion on medium molecular toxins and protein bound uremi
whole-exome sequencing	cardiac surveillance					marked phenotypic variability of LZTR1-related NS	42557980	2026	Clinical and Genetic Profile of One Molecularly Confirmed and One Clinically Suspected Case of LZTR1 -Related Noonan Syn
							42559590	2026	Exploring the Role of Microbiota-Mediated Gut-Kidney Axis in Acute Kidney Injury: Immunomodulation and Therapy.
					Variantes R445H y G439V (severas) asociadas con mayor prevalencia de especies PI y CL altamente insaturadas; I382M asociada con especies PI y CL menos insaturadas	pathogenic OPA1 variants are associated with distinct mitochondrial phospholipid profiles	42588565	2026	Lipidomics Based on HILIC-ESI-HRMS Reveal Subtle Changes in the Mitochondrial Phospholipidome of Mouse Embryonic Fibrobl
Whole-exome sequencing identifying null variant in TRIP13 gene (c.998_999delCT, p.Ser333Leufs *30)				Left Wilms' tumor treated with left radical nephrectomy at three years of age		Mosaic variegated aneuploidy syndrome can be associated with multiple malignancies, including Wilms' tumor and orbital rhabdomyosarcoma.	42595739	2026	Sequential presentation of Wilms' tumor and orbital rhabdomyosarcoma in a child with mosaic variegated aneuploidy syndro
							42610962	2026	Development and Internal Validation of a Nomogram Model Based on Serum OPG and RANKL for Identifying Low Physical Health
MRI craniospinal y whole-body (criterios diagnósticos basados en estas pruebas)						NF2-related SWN is the predominant subtype in a pediatric and AYA patient population	42650012	2026	Clinical and Imaging Phenotype of Schwannomatosis in Children, Adolescents and Young Adults.
							42656205	2026	Antioxidant dietary patterns mitigate pain and raise psychological wellbeing in ovarian endometrioma: surgical status sh
							42657073	2026	Identification of DNA-Binding Factor Enrichment in Chromatin Accessibility Data to Define a Persister Cell Signature.
					Cardiomiopatía hipertrófica más prominente en herencia autosómica recesiva	Lymphatic abnormalities were observed at a higher frequency than previously reported	42687096	2026	The Evaluation of Molecular Genetics and Clinical Manifestations in Patients With LZTR1-Associated Noonan Syndrome: A Re
				hematuria (OR=1.05, p=1.96x10-10)		systemic inflammation can be predicted using the iPRS across multiple ancestries	42698209	2026	Inherited Predisposition to Increased Systemic Inflammation Predicts a Broad Class of Disease Phenotypes.
