rhabdomyosarcoma_or_embryonal_tumour	microcephaly_reported	intronic_or_hypomorphic_BUB1B_allele	compound_heterozygous_BUB1B	key_sentence	pmid	year	title
False	True			Microcephaly, Dandy-Walker malformation, and bilateral Wilms tumors associated with mosaic variegated aneuploidy and premature centromere division.	10429359	1999	Syndrome of microcephaly, Dandy-Walker malformation, and Wilms tumor caused by mosaic variegated aneuploidy wi
False	True			Infants con microcefalia, retraso severo del crecimiento y desarrollo, y defecto en checkpoint mitótico espinal.	10877982	2000	Chromosomal instability syndrome of total premature chromatid separation with mosaic variegated aneuploidy is 
True	True			Dos infantes desarrollaron rabdomiosarcoma botrioide. Siete de 10 infantes desarrollaron tumores de Wilms probables o comprobados.	11746029	2002	Cancer-prone syndrome of mosaic variegated aneuploidy and total premature chromatid separation: report of five
True	True			3 de 14 pacientes (21%) desarrollaron malignidad: rabdomiosarcoma, leucemia linfoblástica aguda y nefroblastoma.	11932988	2002	High risk of malignancy in mosaic variegated aneuploidy syndrome.
True	True	False	True	Cinco familias con aneuploidía variegata mosaico, dos con rabdomiosarcoma embrionario, identificadas mutaciones BUB1B.	15475955	2004	Constitutional aneuploidy and cancer predisposition caused by biallelic mutations in BUB1B.
True		True	True	Embryonal rhabdomyosarcoma from MVA case con mutaciones BUB1B bialélicas.	16182441	2006	Comparative genomic hybridization and BUB1B mutation analyses in childhood cancers associated with mosaic vari
False	False				17050619	2007	CPEB controls oocyte growth and follicle development in the mouse.
False	False		False	Patients without BUB1B mutations were mildly affected with no evidence of cancer, Dandy-Walker malformation or cataract.	18548531	2008	Clinical and genetic heterogeneity in patients with mosaic variegated aneuploidy: delineation of clinical subt
False	True	True		MVA caracterizado por aneuploidías mosaico constitucionales asociadas a microcefalia y separación prematura de cromátidas.	18932004	2009	Gradual reduction of BUBR1 protein levels results in premature sister-chromatid separation then in aneuploidy.
False				Wilms tumor con AML y medulloblastoma asociados a inestabilidad cromosómica en anemia de Fanconi.	19373780	2009	Wilms tumor, AML and medulloblastoma in a child with cancer prone syndrome of total premature chromatid separa
False	False	True	False	Germline homozygous intronic mutation c.2386-11A→G en BUB1B crea sitio de splice de novo favorecido sobre sitio auténtico.	21190457	2011	Homozygous BUB1B mutation and susceptibility to gastrointestinal neoplasia.
True	True			Rhabdomyosarcoma, Wilms tumor, y leucemia reportados en varios casos de síndrome de aneuploidía variegada en mosaico.	23916859	2014	Refractory infantile spasms associated with mosaic variegated aneuploidy syndrome.
			False	None of the individuals was found to be homozygous or compound heterozygous for mutations in BUB1B.	27239782	2017	Prevalence of germline mutations in the spindle assembly checkpoint gene BUB1B in individuals with early-onset
False		True		Hypomorphic mutation en Bub1b causa aneuploidy que reduce fitness de células hematopoyéticas.	27313317	2017	Aneuploidy impairs hematopoietic stem cell fitness and is selected against in regenerating tissues in vivo.
True	True			Individuals with biallelic TRIP13 or BUB1B mutations have high risk of embryonal tumors.	28553959	2017	Biallelic TRIP13 mutations predispose to Wilms tumor and chromosome missegregation.
False	True	True	True	Microcephaly en ecografía fetal y inserción Alu novel en intrón de BUB1B.	28611924	2020	PCS/MVA syndrome caused by an Alu insertion in the BUB1B gene.
False	False			HNF1B deficiency reduced BUB1B expression and triggered aneuploidy development in ChRCC.	28807937	2017	HNF1B Loss Exacerbates the Development of Chromophobe Renal Cell Carcinomas.
	True	True	True	Fetus carried combined heterozygote of maternal G>A point mutation and paternal Alu insertion in BUB1B gene.	29673003	2018	Prenatal diagnosis of premature chromatid separation/mosaic variegated aneuploidy (PCS/MVA) syndrome.
False	False	False	False	Homozygous CEP57 c.915_925dupCAATGTTCAGC mutation causa MVA con acortamiento rizomélico y tórax estrecho.	30010053	2019	A homozygous CEP57 c.915_925dupCAATGTTCAGC mutation in a patient with mosaic variegated aneuploidy syndrome wi
False	True	False	True	Compound heterozygous BUB1B variants c.826delG y c.2441G>A identificados en paciente con microcefalia.	30512160	2019	[Clinical features and genetic analysis of a child with mosaic variegated aneuploidy syndrome].
False	True			Conditional loss of BubR1 in mouse cerebral cortex recapitulates microcephaly through shortened mitosis and massive apoptotic cell death.	30668728	2020	Nearly complete deletion of BubR1 causes microcephaly through shortened mitosis and massive cell death.
False	True	True	True	Microcephaly entre características clínicas principales de MVA1; mutaciones BUB1B: c.498_505delAAACTTTA y c.1288+5G>A.	31053147	2019	Hematopoietic stem cell transplantation in a patient with type 1 mosaic variegated aneuploidy syndrome.
False			True	Biallelic BUB1B germline mutations en síndrome de separación prematura de cromátidas con tumores de Wilms bilaterales.	31081598	2020	Long-term remission of bilateral Wilms tumors that developed from premature separation of chromatids/mosaic va
False	True			Microcephaly presente en dos hermanos adultos con variantes patógenas homocigóticas en CEP57.	32861809	2021	Follow-up of two adult brothers with homozygous CEP57 pathogenic variants expands the phenotype of Mosaic Vari
					32884756	2024	Prenatal diagnosis and long-term follow-up of a Chinese patient with mosaic variegated aneuploidy and its mole
True	False			Germline predisposition conditions for genitourinary rhabdomyosarcoma incluyen DICER1, Li-Fraumeni, mismatch repair deficiency, mosaic aneuploidy, NF1, Noonan, RASopathies, Costello y Beckwith-Wiedemann.	33209717	2024	Germline predisposition to genitourinary rhabdomyosarcoma.
False	False	False	False	FOXM1 binds BMF intronic element regulating BUB1B and BMF expression oppositely	34035233	2021	FOXM1 repression increases mitotic death upon antimitotic chemotherapy through BMF upregulation.
False	True	False		MVA1 characterized by microcephaly, developmental delay, epileptic seizures, and neurologic impairment.	35804254	2022	Pathogenic correlation between mosaic variegated aneuploidy 1 (MVA1) and a novel BUB1B variant: a reappraisal 
False	True			BUB1B mutation en humanos causa microcefalia por defectos de segregación cromosómica y muerte celular.	37900274	2025	P53 independent pathogenic mechanisms contribute to BubR1 microcephaly.
False	False	True	True	Intronic transposon insertion in BUB1B causing aberrant splicing; compound heterozygous variants detected.	38102195	2024	RNA sequencing and target long-read sequencing reveal an intronic transposon insertion causing aberrant splici
False			True	Compound heterozygous mutations in BUB1B gene detected in newborn with sudden unexpected postnatal collapse.	38664248	2024	Sudden unexpected postnatal collapse and BUB1B mutation: first forensic case report.
False	False		False	BUB1B variants lead to decreased BubR1 expression and trigger chromosomal instability driving carcinogenesis.	39014450	2024	BUB1B monoallelic germline variants contribute to prostate cancer predisposition by triggering chromosomal ins
False	False	False	False		39115587	2024	Doxorubicin downregulates cell cycle regulatory hub genes in breast cancer cells.
False				BubR1 deletion causes embryonic lethality con defectos en maduración cardiaca incluyendo grosor de pared ventricular, septación y trabécula.	40055864	2025	BubR1 Controls Heart Development by Promoting Expression of Cardiogenesis Regulators.
False			True	Compound heterozygous variants c.2363_2364del y ss804270619:G>A en BUB1B causaron síndrome MVA.	40555658	2025	[Genetic analysis of two fetuses with Mosaic variegated aneuploidy syndrome caused by compound heterozygous va
False	False				41983084	2026	Genomic and transcriptomic insights into aflatoxin-induced intrahepatic cholangiocarcinoma: an integrated path
False	False	False	False	Heterozygous BUB1B variants impair spindle assembly checkpoint, causing premature chromatid separation and recurrent pregnancy loss.	42434306	2026	Functional and clinical evidence for two novel heterozygous BUB1B variants and their value in precision geneti
True	False			Histopathology consistent with embryonal rhabdomyosarcoma in superotemporal orbit.	42595739	2026	Sequential presentation of Wilms' tumor and orbital rhabdomyosarcoma in a child with mosaic variegated aneuplo
False	True			Severe microcephaly, hypoplasia of the brain, Dandy-Walker anomaly, and Wilms tumor observed in homozygous infants.	9677059	1998	Mosaic variegated aneuploidy with multiple congenital abnormalities: homozygosity for total premature chromati
True	True			7-year-old boy with mosaic variegated aneuploidy desarrolló embryonal rhabdomyosarcoma de soft palate.	9916837	1999	Child with mosaic variegated aneuploidy and embryonal rhabdomyosarcoma.
