tipo_de_variante_y_enfermedad	herencia	talla_baja_o_crecimiento	sarcoma_o_cancer_infantil	frase_clave	pmid	year
					27759912	2017
Variantes bialélicas en LZTR1 (pérdida de función, missense, variantes de splicing) causan síndrome de Noonan autosómico recesivo	recesivo		True	biallelic pathogenic variants in LZTR1 confirm autosomal recessive Noonan syndrome, range from mildly affected to lethal with cardiac disease and leukemia	29469822	2019
Variantes LZTR1 causan Síndrome de Noonan	ambos	True		Five of the seven probands had short stature or intellectual disabilities.	30368668	2019
					30442766	2019
Mutaciones LZTR1 dominantes causan síndrome de Noonan; mutaciones bialélicas recesivas también causan síndrome de Noonan; mutaciones monoalélicas inactivantes causan schwannomatosis	ambos		True	constitutional monoallelic, mostly inactivating, mutations in the same gene cause schwannomatosis, a cancer-prone disorder	30481304	2020
Mutaciones heterocigotas compuestas en LZTR1 causan fenotipo de síndrome de Noonan con cardiomiopatía hipertrófica	recesivo			two compound heterozygous missense mutations in the LZTR1 gene were identified in one patient with the Noonan syndrome phenotype and HCM	30732632	2019
Variantes de pérdida de función y missense en LZTR1 causan síndrome de Noonan	ambos		False	LZTR1 may be associated with both dominant and recessive forms	30859559	2020
Variante patógena LZTR1 causa Síndrome de Noonan	Autosomal dominante/recesivo				31219622	2020
Alteración de LZTR1 en histiocytic sarcoma (sarcoma histiocítico)			True	LZTR1 (1 of 21) con alteraciones en la vía RAS/RAF/MAPK	31439678	2021
Mutaciones missense en LZTR1 causan Síndrome de Noonan	ambos	True		Patients with pathogenic mutations in LZTR1 exhibit a characteristic NS gestalt but variable cardiac, height, and neurodevelopment expressions	31533111	2020
					31666243	2020
Variantes bialélicas LZTR1 causan síndrome de Noonan recesivo	recesivo			Variants in the LZTR1 gene have been reported in recessive Noonan syndrome patients	31883238	2021
Mutaciones bialélicas en LZTR1 causan Síndrome de Noonan con cardiomiopatía hipertrófica	recesivo	True		short stature, developmental delay, intellectual disability as well as cardiac hypertrophy	32623905	2021
Variantes heterocigóticas en LZTR1 asociadas a Síndrome de Noonan	dominante			heterozygous variants in nine different genes, mainly PTPN11, SOS1, RAF1, LZTR1, and RIT1	33128510	2021
		False	False		33568805	2021
Retención de intrón menor en LZTR1 → síndrome de Noonan y tumores sólidos diversos			True	LZTR1 minor intron retention was also discovered in the RASopathy Noonan syndrome, due to intronic mutations disrupting splicing and diverse solid tumors.	33846634	2021
Mutaciones LZTR1 en schwannomatosis				additional mutations in SMARCB1 or LZTR1 in schwannomatosis	34164689	2022
Variantes en LZTR1 asociadas con Síndrome de Noonan y cardiomiopatía hipertrófica	ambos			two were identified in the compound heterozygous state in a patient with intellectual disability and hypertrophic cardiomyopathy	34184824	2022
			True	Molecular profiling of the tumor identified mutations in TP53, ATRX, LZTR1, and NF1	34659131	2022
					35445657	2022
					35467524	2022
					35732500	2022
Mutación LZTR1 asociada a Síndrome de Noonan				paciente con mutación LZTR1 caracterizado por dilatación globosa del ventrículo izquierdo	35770001	2022
Mutaciones LZTR1 causan Síndrome de Noonan				12 patients with mutations of the LZTR1 gene were diagnosed with bilateral or unilateral central giant cell granulomas	36291422	2022
		True		Enhanced signaling through RAS and the mitogen-associated protein kinase (MAPK) cascade underlies the RASopathies, a family of clinically related disorders affecting development and growth.	36394128	2023
Mutaciones de pérdida de función de LZTR1 causan cáncer (schwannoma y tumores del sistema nervioso periférico)	ambos		True	LZTR1 germline mutations sustain schwannomatosis, the prototype tumor predisposition syndrome	36445254	2023
					36608738	2023
					37568403	2023
					37626065	2023
					37665961	2023
Variantes biallélicas patogénicas de LZTR1 causan síndrome de Noonan recesivo	recesivo	True		Noonan syndrome characterized by congenital heart defects, short stature, and developmental delay	37936555	2023
					37987971	2024
					38254922	2024
					38925914	2024
Variante homocigota (L580P) en LZTR1 causa síndrome de Noonan recesivo con cardiomiopatía hipertrófica	recesivo			Noonan syndrome patients harboring causative variants in LZTR1 are particularly at risk to develop severe and early-onset hypertrophic cardiomyopathy	39003740	2024
					39098817	2024
Variantes loss-of-function heterozigóticas en LZTR1 causan manchas café-au-lait múltiples aisladas	dominante			LZTR1 variants occur in individuals with isolated multiple café-au-lait macules	39140257	2024
Mutación en LZTR1 causa Síndrome de Noonan		True		Short stature was detected in 100% of the patients.	39144424	2024
Variantes de pérdida de función en LZTR1 asociadas con máculas café au lait	dominante			LZTR1 variants expand phenotype to isolated café au lait macules with or without freckling	39258154	2024
LZTR1 c.509G>A, p.R170Q (likely pathogenic) - talla baja con displasia esquelética		True		One LZTR1 likely pathogenic variant c.509G>A, p.R170Q were identified in a patient with short stature and skeletal dysplasia.	39415983	2024
					39484914	2025
Variantes en LZTR1 causan Noonan syndrome					39725732	2024
					40060932	2025
		False	False		40114953	2025
					40295009	2025
					40427667	2025
		True		New pathogenic variants have been identified in genes, including LZTR1, associated with syndromic and nonsyndromic short stature.	40658013	2025
			False		40885854	2025
Mutaciones patogénicas LZTR1 causan cardiomiopatía dilatada (DCM)		False	False	pathogenic LZTR1 mutations displayed markedly diminished LZTR1 protein expression, which was clinically associated with progressive dilated cardiomyopathy (DCM)	40967536	2025
					41074228	2025
Variantes missense monoalélicas dominantes-negativas LZTR1 causan síndrome de Noonan	dominante	True		Two heterozygous LZTR1 variants, affiliated with short stature, were shown in vitro to be thermodynamically stable	41175093	2026
Variante frameshift homocigótica LZTR1 → fallo de médula ósea y anomalías congénitas múltiples	recesivo		False	Biallelic LZTR1 variants lacking the second BTB domain may underlie a rare clinical phenotype characterized by bone marrow failure.	41196194	2026
Alteraciones somáticas en LZTR1 asociadas a schwannomatosis (SWN)			False	At the molecular level, HNS frequently show alterations in the genes NF2, LZTR1, and SMARCB1	41247561	2025
Variantes heterocigotas missense en LZTR1 asociadas con RASopatías	dominante	True		All identified variants were heterozygous missense mutations, consistent with autosomal dominant inheritance.	41292581	2025
de novo variants in LZTR1 linked to Noonan syndrome and Schwannomatosis			False	LZTR1 linked to Noonan syndrome and Schwannomatosis	41431348	2026
Mutaciones en LZTR1 causan schwannomatosis		False	False	mutaciones en NF2, SMARCB1, LZTR1, y otros genes relacionados con 22q	41654957	2026
Variante c.2033G>A en LZTR1 asociada a Síndrome de Noonan		True		c.2033G>A in the LZTR1 gene are variants for the first time associated with features of Noonan syndrome	41675685	2026
					41854160	2026
					41881191	2026
Variantes patogénicas en LZTR1 asociadas a síndrome de Noonan		True		short stature (66.7%, 30/45), and learning difficulties (51.1%, 23/45)	41988663	2026
Variantes patogénicas en LZTR1 asociadas a Síndrome de Noonan		True		Pathogenic variants were found in different genes, including PTPN11, LZTR1, SOS1, and RAF1	42072833	2026
					42095055	2026
					42247039	2026
		True		identified distinct variants across major RAS/MAPK pathway genes, including those in LZTR1	42261585	2026
			True	co-occurring LZTR1 and TP53 variants	42283828	2026
variante heterocigota patogénica en LZTR1 causa Noonan Syndrome	dominante	True		The first patient presented with isolated short stature, subtle dysmorphic features, and normal neurodevelopment.	42557980	2026
Variantes patogénicas en LZTR1 causan Síndrome de Noonan	ambos			Pathogenic variants in LZTR1 are an established cause of Noonan syndrome and uniquely exhibit both autosomal dominant and autosomal recessive inheritance	42687096	2026
