gen_y_variante	farmaco	direccion_del_efecto	magnitud	poblacion_pediatrica	recomendacion_de_dosis	limitacion_tecnica	frase_clave	pmid	year	title
CBR3 V244M (rs1056560); NQO1*2	Antraciclinas (doxorrubicina)	Mayor toxicidad cardíaca (insuficiencia cardíaca congestiva)	CBR3 V244M: OR 8,16 (P=0,056); formación 2,6 veces mayor de doxorubicinol cardiotóxico	True			CBR3 V244 sintetiza 2,6 veces más doxorubicinol cardiotóxico que CBR3 M244	18457324	2008	Genetic polymorphisms in the carbonyl reductase 3 gene CBR3 and the NAD(P)H:quinone oxidoreductase 1 gene NQO1
CBR3: V224M, C4Y, V93I, M235L, V244M	Doxorrubicina (DOX), Daunorrubicina (DAUN)			False			ns-SNPs in CBR3 significantly alter in vitro metabolism of DOX and DAUN	20007405	2010	Naturally occurring variants of human CBR3 alter anthracycline in vitro metabolism.
CBR1 1096G>A; CBR3 V244M (rs 12592036)	Anthracyclines	más toxicidad (cardiomiopatía)	CBR3 GG vs GA/AA no expuestos: OR 5.48 (p=0.003); CBR3 GG vs GA/AA con dosis baja-moderada: OR 3.30 (p=0.006)	True			No safe dose for patients homozygous for CBR3 V244M G allele	22124095	2012	Anthracycline-related cardiomyopathy after childhood cancer: role of polymorphisms in carbonyl reductase genes
CBR3 p.V244M y GSTP1 p.I105V	antraciclinas	mayor toxicidad cardiaca (deterioro de parámetros cardiacos sistólicos y diastólicos)					Variants of CBR3 and GSTP1 enzymes may be associated with changes in short-term functional cardiac parameters	23182048	2013	The relationship between changes in functional cardiac parameters following anthracycline therapy and carbonyl
"['ABCB1 3435C>T', 'CBR3 V244M', 'RAC2 (no asociación validada)', 'NCF4 (no asociación validada)', 'SLC28A3 (no asociación validada)', ""TOP2B 5' UTR rs10806363 (no asociación validada)""]"	doxorubicina	['ABCB1 3435C>T: menor toxicidad cardíaca (protector)', 'CBR3 V244M: mayor toxicidad cardíaca (riesgo)']	['ABCB1 3435C>T: p = 0.049', 'CBR3 V244M: p = 0.012']	False		Falta de poder estadístico adecuado. Análisis secundario no corregido estadísticamente. Asociaciones en análisis secundario no validado.	The associations reported in prior publications and those discovered in this secondary analysis require further replication in independent cohorts.	26799497	2016	Evidence for association of SNPs in ABCB1 and CBR3, but not RAC2, NCF4, SLC28A3 or TOP2B, with chronic cardiot
	Cyclophosphamide (CPA), doxorubicin, vincristine, prednisone (CHOP regimen); CAR activator CITCO	Mayor eficacia (citotoxicidad aumentada en células de linfoma) y menor toxicidad (cardiotoxicidad atenuada)					CITCO alongside CHOP regimen offers comparable antineoplastic activity at significantly reduced drug concentrations	26823489	2016	Activation of the Constitutive Androstane Receptor Increases the Therapeutic Index of CHOP in Lymphoma Treatme
CYP2B6 rs2279343	Cyclophosphamide	mejor eficacia (mayor supervivencia libre de eventos)		True		genotipado por RFLP tras amplificación por PCR; muestra pequeña (n=73)	carriers of at least one mutant allele CYP2B6 rs2279343 had significantly longer event-free survival	27388155	2017	CYP2B6rs2279343 Is Associated with Improved Survival of Pediatric Rhabdomyosarcoma Treated with Cyclophosphami
FCGR2A 519G>A (genotipo 519AA)	Rituximab y Ciclofosfamida	Mayor eficacia (remisión completa)	P=0.01 (remisión completa); P=0.006 (predicción); P<0.001 (tiempo a remisión)				Homozygous Fc&#x3b3;RIIa 519AA variant associated with complete response and shorter time to complete response	27482943	2017	The Pharmacogenomic Association of Fc&#x3b3; Receptors and Cytochrome P450 Enzymes With Response to Rituximab 
ABCC2_1249A/G, GGH_452T/C, TP53_IVS2+38G/C, CYP2B6*6, ABCB1_1236T/C, ABCC2_3972A/G, ERCC1_8092T/G, XPD_23591A/G, XRCC3_18067T/C, MTHFR_1298A/C, GGH_16T/C	methotrexate, doxorubicin, cisplatin, ifosfamide	mayor toxicidad (ABCC2_1249A/G, ABCB1_1236T/C, ABCC2_3972A/G, ERCC1_8092T/G, XPD_23591A/G, XRCC3_18067T/C, MTHFR_1298A/C, GGH_16T/C); menor supervivencia libre de eventos (ABCC2_1249A/G, GGH_452T/C, TP53_IVS2+38G/C, CYP2B6*6)		True			germline polymorphisms significantly impact risk of HGOS development, EFS and chemotherapy-related toxicity	27566557	2018	Candidate germline polymorphisms of genes belonging to the pathways of four drugs used in osteosarcoma standar
CYP2B6 (polimorfismos no especificados)							Significant inter-individual variability in the expression and function of the human CYP2B6 gene exists and can result in altered clinical outcomes	27709010	2020	Insights into CYP2B6-mediated drug-drug interactions.
['ERCC1 118C>T', 'CYP2B6*6']	Doxorubicin + Cyclophosphamide (AC)	más toxicidad	['ERCC1: OR 3.43 (IC 95% 1.22-9.69)', 'CYP2B6*6: OR 4.51 (IC 95% 1.21-16.95)']	False			ERCC1 and CYP2B6 gene polymorphisms were associated with extent of grade 4 neutropenia in AC chemotherapy	27858847	2017	Drug-related genetic polymorphisms affecting severe chemotherapy-induced neutropenia in breast cancer patients
CYP2C9*2, CYP2C9*3, CYP2B6 G516T	cyclophosphamide		AUC (S)-cyclophosphamide 215.0 vs 186.2 μg·h/mL (MS); 219.1 vs 179.2 μg·h/mL (SS)	False		Se requiere cromatografía líquida de fase quiral para separar enantiómeros	The pharmacokinetics of cyclophosphamide is enantioselective in patients with systemic sclerosis and multiple sclerosis	28083951	2018	Enantioselectivity in the Metabolism of Cyclophosphamide in Patients With Multiple or Systemic Sclerosis.
CYP2B6 (785A>G, 516G>T, *6, *29, *30), CYP2C19*2, CYP3A5*3	Ciclofosfamida	CYP2C19*2 y CYP2B6 785A>G: peor respuesta terapéutica; CYP3A5*3: mejor respuesta; CYP2C19*2, CYP2B6 785A>G y 516G>T: mayor tolerancia (menos toxicidad)					Genetic variations in CYP2B6, CYP2C19, and CYP3A5 dramatically affected mRNA expression, pharmacokinetics, and R-CHOP treatment response.	28181240	2018	Cytochrome P450 Genetic Variations Can Predict mRNA Expression, Cyclophosphamide 4-Hydroxylation, and Treatmen
CYP2B6 rs4803419 (C>T) y CYP2B6*6	Ifosfamida (IFA)	Mayor toxicidad (encefalopatía inducida por ifosfamida)		True			CYP2B6-deficient alleles may be responsible for increased conversion of S-IFA into neurotoxic metabolites	29319893	2018	Possible role of CYP2B6 genetic polymorphisms in ifosfamide-induced encephalopathy: report of three cases.
CYP2B6 (40 variantes alélicas, incluyendo CYP2B6.6)	efavirenz	6 variantes con menor metabolismo (menor clearance), 6 variantes con mayor metabolismo		False		15 variantes sin actividad enzimática detectable a concentración máxima de sustrato	Six variants showed significantly decreased EFZ 8-hydroxylation CLint values, while these values were significantly increased in another six variants	30201214	2019	Functional characterization of 40 CYP2B6 allelic variants by assessing efavirenz 8-hydroxylation.
SLC28A3 (expresión elevada); CYP2B6*6	Fludarabina + Ciclofosfamida	Menor eficacia (falta de respuesta)	OR = 9.8 (p = 0.046) para SLC28A3 alto expresor				SLC28A3 high-expressing cases were almost ten times more likely not to respond to FC	30778771	2021	Association of SLC28A3 Gene Expression and CYP2B6*6 Allele with the Response to Fludarabine Plus Cyclophospham
CYP2B6 rs3745274; CBR3 rs8133052	Cyclophosphamide, 5-fluorouracil, doxorubicin, docetaxel	mas toxicidad		False			CYP2B6 polymorphism related to high asthenia levels in FAC protocol; CBR3 polymorphism related to abdominal pain and mucositis in docetaxel phase	31056713	2020	Impact of protocol change on individual factors related to course of adverse reactions to chemotherapy for bre
CYP2J2*7	cyclophosphamide	más toxicidad	HR = 1.82 (95% CI = 1.14-2.90) para toxicidad hematológica; AOR = 2.79 (95% CI = 1.21-6.46) para RDI reducida	False	null	null	Patients carrying CYP2J2*7 allele at higher risk for chemotherapy-induced hematologic toxicities and reduced RDI	31139078	2020	CYP2J2&#x2217;7 Genotype Predicts Risk of Chemotherapy-Induced Hematologic Toxicity and Reduced Relative Dose 
CYP2D6 (metabolismo ultrarrápido); OPRM1 A118G (alelo G)	ondansetron	CYP2D6 ultrarrápido: mayor riesgo de PONV; OPRM1 A118G alelo G: protector contra PONV					CYP2D6 ultrarapid metabolism increases risk for PONV; OPRM1 G-allele appears protective	31227296	2020	Pharmacogenetics of Postoperative Nausea and Vomiting.
	cyclophosphamide (CPA)	menos eficacia					DL5016 robustly induced the expression of hCAR target gene CYP2B6, at both the mRNA and protein levels	31247375	2019	Human constitutive androstane receptor agonist DL5016: A novel sensitizer for cyclophosphamide-based chemother
CYP2D6 ultrarapid; CYP2C19 rapid	tramadol, oxycodone, hydrocodone, ondansetron, citalopram, protonix → dilaudid, metoclopramide, duloxetine, famotidine	menos eficacia (sin alivio del dolor con dosis estándar)		True	dilaudid en lugar de opioides estándar; metoclopramide, duloxetine y famotidine en lugar de ondansetron, citalopram y protonix		ultrarapid CYP2D6 y rapid CYP2C19 genotype permitió elegir dilaudid con mejora inmediata del dolor	31872029	2022	Application of pharmacogenomics for trauma and critical care patients: A case report.
['CYP2B6 rs3745274', 'CYP3A4 rs2740574', 'CYP3A5 rs776746']	Ifosfamide	mas toxicidad		True			allelic variants rs3745274, rs2740574 and rs776746 increase the risk for high haematological toxicity	32279544	2021	Analysis of CYP450 gene allelic variants can predict ifosfamide toxicity in Mexican paediatric patients.
	opioides (hidrocodona, oxicodona, morfina)	mayor toxicidad por acumulación de metabolitos activos					interactions can lead to enhanced toxicity of opioids due to accumulation of active metabolites	32596625	2022	Potential Cytochrome P450 Drug-Drug Interaction Among Adult and Adolescent Patients Undergoing Tonsillectomy.
				False			17 treatment modifications per 100 patients would be enabled if PGx results were available	33085221	2021	Projected Utility of Pharmacogenomic Testing Among Individuals Hospitalized With COVID-19: A Retrospective Mul
				True			Opportunities for pharmacogenetic implementation among pediatric patients in the US are abundant.	33315113	2021	Prescribing Prevalence of Medications With Potential Genotype-Guided Dosing in Pediatric Patients.
				True			MAPBs dispensed to 63% adults and 29% children; most frequent ibuprofen, ondansetron, codeine, oxycodone	33420348	2021	Patients dispensed medications with actionable pharmacogenomic biomarkers: rates and characteristics.
CYP2B6*6, CYP2B6*4, CYP2B6*3	artemisinin, bupropion, cyclophosphamide, efavirenz, ketamine, methadone		MAF CYP2B6*6: 33.8%; CYP2B6*4: 25.8%; CYP2B6*3: 6.5%	False		RFLP y electroforesis en gel (técnicas de genotipado utilizadas)	frequency of poor metabolizers of CYP2B6, especially *6 variant, is significant in Pakistani population	33599403	2021	Allelic and genotype frequencies of major CYP2B6 polymorphisms in the Pakistani population.
['CBR3 rs8133052', 'NQO2 rs1143684', 'NQO1 rs1800566', 'NOS3 rs1799983', 'NOS3 rs2070744']	idarubicina (antraciclinas)	[{'variante': 'CBR3 rs8133052', 'efecto': 'menos toxicidad (hepatotoxicidad)'}, {'variante': 'NQO2 rs1143684 wild-type', 'efecto': 'más eficacia (remisión completa)'}, {'variante': 'NQO2 rs1143684 alelo variante', 'efecto': 'más toxicidad (gastrointestinal)'}, {'variante': 'NQO1 rs1800566 variante', 'efecto': 'más toxicidad (mucositis)'}, {'variante': 'NQO1 rs1800566 heterocigoto', 'efecto': 'menos toxicidad (gastrointestinal, trombocitopenia)'}, {'variante': 'NOS3 rs1799983 variante', 'efecto': 'menos toxicidad (nefrotoxicidad, trombocitopenia)'}, {'variante': 'NOS3 rs2070744 portadores', 'efecto': 'más toxicidad (hepatotoxicidad, trombocitopenia)'}]	['P = 0.028', 'P = 0.014', 'P = 0.024', 'P = 0.018', 'P = 0.028', 'P = 0.009', 'P = 0.006', 'P = 0.014', 'P = 0.017', 'P = 0.013']	False			variabilidad genética del metabolismo de idarubicina crítica en predicción de toxicidades inducidas por antraciclinas	33675324	2022	Influence of polymorphisms in anthracyclines metabolism genes in the standard induction chemotherapy of acute 
CYP2B6, CYP2C19, CYP2D6, SLC6A4	hidrocodona, ondansetrón, oxicodona, tramadol	altered metabolism and/or drug response	approximately one quarter expected to have altered metabolism	False			About one quarter were expected to have altered metabolism and/or drug response.	33758969	2021	Potentially actionable pharmacogenetic variants and symptom control medications in oncology.
CYP2B6, CYP2C19	cyclophosphamide			True			marked differences in cyclophosphamide clearance in children less than two years of age as compared to older patients	33809608	2021	Pharmacokinetics and Pharmacogenetics of Cyclophosphamide in a Neonate and Infant Childhood Cancer Patient Pop
CBR3 V244M	doxorubicin (doxorrubicina)	más toxicidad (cardiotoxicidad relacionada con antraciclinas)		False			CBR3 V244M genotype status is associated with changes in echocardiographic parameters suggestive of early anthracycline-related cardiomyopathy	33975650	2024	CBR3 V244M is associated with LVEF reduction in breast cancer patients treated with doxorubicin.
				False			76.6% de pacientes con dolor y 71.2% con GERD recibieron al menos un fármaco con alto nivel de evidencia PGx	34075203	2022	Determining the potential clinical value of panel-based pharmacogenetic testing in patients with chronic pain 
['NCF4 rs1883112', 'CBR3 rs1056892', 'ABCC1 rs3743527']	doxorubicina (antraciclina)	[{'variante': 'NCF4 rs1883112', 'efecto': 'mayor toxicidad cardíaca'}, {'variante': 'CBR3 rs1056892 heterocigoto', 'efecto': 'mayor toxicidad cardíaca'}, {'variante': 'ABCC1 rs3743527 heterocigoto', 'efecto': 'protección contra toxicidad cardíaca'}]	[{'variante': 'NCF4 rs1883112', 'OR': 10.8, 'IC95': '1.69-68.98', 'p': 0.01}, {'variante': 'CBR3 rs1056892 heterocigoto', 'OR': 9.91, 'IC95': '1.07-91.47', 'p': 0.04}, {'variante': 'ABCC1 rs3743527 heterocigoto', 'OR': 0.3, 'IC95': '0.09-0.91', 'p': 0.03}]	True			variantes polimórficas seleccionadas pueden impactar el riesgo de cardiotoxicidad por antraciclinas en pacientes pediátricos	34096893	2022	Association of genetic polymorphisms NCF4 rs1883112, CBR3 rs1056892, and ABCC1 rs3743527 with the cardiotoxic 
CYP2B6 (SNP); CYP2C19 (null genotype)	Cyclophosphamide			False		Phenoconversion debido a comedications y down-regulation de expresión asociada a cáncer	significant linear gene-dose relationship with CYP2B6 coding SNP and formation of 4-hydroxycyclophosphamide	34114066	2021	Cyclophosphamide bioactivation pharmacogenetics in breast cancer patients.
CYP2D6 *41 (2988G>A)	ondansetron, prochlorperazine, metoclopramide	más toxicidad (reacciones distónicas agudas y distonía focal persistente)		False	reduction or avoidance of CYP2D6-mediated medications	The metabolism of ondansetron, metoclopramide, or prochlorperazine in patients with the *41 CYP2D6 allele has not been studied	clinical evidence implicates the *41 CYP2D6 allele as causing extrapyramidal adverse pharmacologic reactions	34407866	2021	Acute pharmacogenetic dystonic reactions in a family with the CYP2D6 *41 allele: a case report.
CYP3A4*3 (rs4986910); CYP2B6*2 (rs8192709)	Ciclofosfamida (agentes alquilantes)	CYP3A4*3: mayor daño ovárico (AMH más baja). CYP2B6*2: efecto protector (AMH más alta en dosis alta)	CYP3A4*3: Beta -0.706 (IC95% -1.11 a -0.298), p=7×10⁻⁴. CYP2B6*2: Beta 0.527 (IC95% 0.126-0.928), p=0.01	True			CYP3A4*3 carriers had significantly lower AMH levels, and CYP2B6*2 may have a protective effect	34572825	2023	Effect of Genetic Variation in CYP450 on Gonadal Impairment in a European Cohort of Female Childhood Cancer Su
CYP2D6 ultrarapid metabolizers (UMs)	ondansetron	menos eficacia		True			UMs at higher risk for CINV due to rapid ondansetron clearance	34670017	2022	Influence of CYP2D6 metabolizer status on ondansetron efficacy in pediatric patients undergoing hematopoietic 
CYP2B6 polimorfismos	Ciclofosfamida	Cambio en niveles de acrolein y hematuria				No especifica limitaciones de genotipado	CYP2B6 polymorphisms cause change in 3-HPMA levels, indicating acrolein level changes responsible for hematuria	34746455	2023	The correlation between the level of 3-hydroxypropyl mercapturic acid, CYP2B6 polymorphisms, and hematuria occ
5-HT3RB rs45460698 (delAAG/dupAAG); ABCB1 rs1045642 (3435C>T); ABCB1 rs2032582 (G2677A/T); CYP2D6 variantes	ondansetrón	menos eficacia	OR 2.67 (rs45460698); OR 3.45 (rs45460698 + rs1045642 fenotipo)	True			rs45460698 independently showed significant difference in ondansetron failure risk, OR 2.67	35018520	2022	Pharmacogenetic and clinical predictors of ondansetron failure in a diverse pediatric oncology population.
TLR3 rs3775291; SLC36A1 rs34124313	ondansetron	prolongación del intervalo QT		True			CYP2D6 activity score was not associated with prolonged QT	35149390	2022	A pharmacogenomic investigation of the cardiac safety profile of ondansetron in children and pregnant women.
['ABCC1 rs3743527', 'NCF4 rs1883112', 'CBR3 rs1056892']	Doxorubicin	['ABCC1 rs3743527 TT: mayor clearance, menor AUC', 'NCF4 rs1883112 AA: menor volumen de distribución periférico', 'CBR3 rs1056892 GG: mayor AUC']		True			TT homozygosity of rs3743527 ABCC1 associated with increased clearance and decreased area under the curve	36113156	2023	Impact of single-nucleotide variants and nutritional status on population pharmacokinetics of Doxorubicin, and
				True			Clinicians adhered to the therapeutic recommendations provided in 4392 alerts (92%).	36228116	2022	Clinician adherence to pharmacogenomics prescribing recommendations in clinical decision support alerts.
CYP2D6 (10 variantes alélicas + copy number variation)	ondansetron	sin efecto	OR 1.37 (IC 95% 0.9-2.1)	True			no significant differences were detected for PONV based on CYP2D6 metabolizer status	36350309	2023	Pediatric CYP2D6 metabolizer status and post-tonsillectomy nausea and vomiting after ondansetron.
CYP2D6 (rs16947 A/G, rs1065852 A/G); ABCB1 (rs1128503, rs1045642, rs2032582, rs20325821)	ondansetron, palonosetron	menos eficacia (baja respuesta antiemética)		False			Low antiemetic response with ondansetron in AA genotype rs16947 and rs1065852; palonosetron GG genotype rs16947	36841429	2024	CYP2D6 isoenzyme and ABCB1 gene polymorphisms associated with postoperative nausea and vomiting in women under
['CYP2D6: ultrarapid metabolizer', 'ABCB1: 2677G>T/A (exon 21), 3435C>T (exon 27), C1236T (exon 12)', '5HT3B: 100_-102AAG deletion, Y129S']	['ondansetron', 'dolasetron', 'tropisetron', 'granisetron', 'ramosetron', 'palonosetron']	['CYP2D6 ultrarapid: menos eficacia (ondansetron, dolasetron, tropisetron)', 'ABCB1 variantes: más eficacia (ondansetron, ramosetron)', '5HT3B 100_-102AAG deletion: menos eficacia (ondansetron)', '5HT3B Y129S: sin efecto', 'Granisetron CYP2D6 ultrarapid: sin efecto']					Inefficacy of a specific drug in managing PONV could be attributed to specific genetic profiles and patients would possibly benefit from a drug switch.	36852569	2023	The efficacy of 5HT3-receptor antagonists in postoperative nausea and vomiting: the role of pharmacogenetics.
['TRPC6 rs77679196', 'CBR3 rs1056892 (V244M)']	doxorubicina (y trastuzumab en análisis combinado)	más toxicidad (insuficiencia cardíaca congestiva)		False			TRPC6 rs77679196 y CBR3 rs1056892 asociados con eventos cardíacos inducidos por doxorubicina	37305569	2024	Replication of genetic associations of chemotherapy-related cardiotoxicity in the adjuvant NSABP B-31 clinical
				True			pharmacogenetic testing has become more readily available for other genes relevant to drug dose individualization	37375836	2023	Pharmacogenetic Testing for the Pediatric Gastroenterologist: Actionable Drug-Gene Pairs to Know.
CYP2B6 c.516G>T (rs3745274)	cyclophosphamide	Mayor eficacia asociada con presencia de alelo T; diferencias significativas en hepatotoxicidad, diarrea y toxicidades hematológicas		False			CYC's efficacy was associated with the presence of the T allele	37611146	2023	Genetic polymorphisms effect on cyclophosphamide's tolerability and clinical efficacy in Egyptian patients wit
['GATA3 rs3824662', 'ARID5B rs7089424', 'ARID5B rs10740055', 'IKZF1 rs4132601', 'PIP4K2A rs7088318', 'CEBPE rs2239633', 'CDKN2A rs3731249', 'TP53 rs1042522', 'CBR3 rs1056892', 'CYP1A1 rs104894', 'CYP1A1 rs4646903']		Mayor riesgo de B-cell ALL (GATA3, ARID5B, IKZF1, PIP4K2A, CEBPE, CDKN2A, TP53, CYP1A1); efecto protector (CBR3); menor complicaciones cardiacas post-antraciclina (CBR3)	GATA3 rs3824662: 42.5% (frecuencia alelo menor); ARID5B rs7089424: 33.1%; ARID5B rs10740055: 48.5%; CBR3 rs1056892: 38.6%	True			High population frequencies of SNP minor alleles identified for immune regulation genes suggest their significant genetic contribution to the risk of B-cell ALL	37642051	2023	Genes of Predisposition to Childhood Beta-Cell Acute Lymphoblastic Leukemia in the Kazakh Population.
				True				38376322	2024	Primary breast rhabdomyosarcoma in a 17-year-old girl.
				True				38736220	2024	A 16-Year-Old Girl with Sinonasal Cutaneous Fistula Following Excision and Radiotherapy for Rhabdomyosarcoma R
				False				39105190	2026	Clinical characteristics and outcomes of adult alveolar rhabdomyosarcoma patients on first-line systemic thera
	mecapegfilgrastim			True	100 μg/kg, máximo 6 mg, administrado 24 h después de completar quimioterapia		Mecapegfilgrastim mostró eficacia y perfil de seguridad aceptables en pacientes pediátricos y adolescentes con RMS o ES.	39148050	2024	Mecapegfilgrastim for prophylaxis of febrile neutropenia in children and adolescents with rhabdomyosarcoma or 
				True				39177879	2024	Results of the JRS-I LRA0401 and LRB0402 Japan Rhabdomyosarcoma Study Group trials for low-risk embryonal rhab
								39706565	2025	Synthetic inhibition of SREBP2 and the mevalonate pathway blocks rhabdomyosarcoma tumor growth in&#xa0;vitro a
CYP2D6 (ultrarapid metabolizers, intermediate metabolizers, poor metabolizers)	ondansetron, tropisetron, dolasetron, palonosetron, granisetron, ramosetron			True			CYP2D6 genotype impacts ondansetron response in postoperative nausea and vomiting setting	39899439	2025	CYP2D6 genotype and associated 5-HT3 receptor antagonist outcomes: A systematic review and meta-analysis.
				False			215 unique pharmacogenetic medications reported; 82 associated with actionable recommendations	39967300	2025	Real-World Utilization of Medications With Pharmacogenetic Recommendations in Older Adults: A Scoping Review.
CYP2B6: rs2279343 (g.23060A>G) y rs2279344 (g.23280G>A)	Cyclophosphamide	Mayor toxicidad (hemorrhagic cystitis)	rs2279343: 42% vs 20% (P=0.19); rs2279344: 40% vs 10% (P=0.11)	True			CYP2B6 variants may increase risk for HC but must be further evaluated in larger population	40128086	2025	CYP2B6 genetic variation in cyclophosphamide metabolism and hemorrhagic cystitis in Fanconi anemia patients un
								40197503	2025	Embryonal rhabdomyosarcoma at an unusual age and in an atypical site: a case report.
CBR3 (rs1056892)	Doxorubicin (DOX)	más toxicidad		False			AA genotypes associated with cardiotoxicity. CBR3 genotypes showed significant differences in BNP levels	40207889	2025	The impact of CBR3 (rs1056892) and ABCC1 (rs45511401) genetic polymorphisms on doxorubicin-induced cardiotoxic
	ondansetron, mercaptopurina, omeprazol, pantoprazol, voriconazol			True			Over 90% of patients had at least one high-risk phenotype, with 20% presenting four or more.	40347484	2025	Frequency and Implications of High-Risk Pharmacogenomic Phenotypes Identified in a Diverse Australian Pediatri
NCF4 rs1883112; también estudiados: SULT2B1 rs10426377, UGT1A6 rs17863783, CBR1 rs9024, CBR3 rs1056892, CYBA rs1049255	doxorubicin (anthracyclines)	menos toxicidad (reducción de riesgo de cardiotoxicidad)	OR = 0.49, 95% CI 0.27-0.87, p = 0.015	False			NCF4 rs1883112 associated with reduced risk of cardiotoxicity; no variants showed increased risk	40362292	2025	Drugs Metabolism-Related Genes Variants Impact on Anthracycline-Based Chemotherapy Induced Subclinical Cardiot
	oral cyclophosphamide (oral-CPM)	más toxicidad (disfunción gonadal exocrina)	OR 5.45 (IC 95% 1.30-22.92); dosis >4.5 g/m² OR 7.20 (IC 95% 1.01-51.39)	True			Oral-CPM induces additional gonadal damage to the ifosfamide-based induction regimen	40433871	2025	Impact of maintenance treatment on male gonadal function in patients treated for localized rhabdomyosarcoma in
CYP2D6		Fenconversión: discordancia genotipo-fenotipo en pacientes polimedicados	Cada sustrato/inhibidor adicional reduce AS esperado 0.53 puntos (IC 95% 0.85-0.21)	False		Fenconversión detectada mediante biomolécula dietética (solanidina/metabolitos); requiere validación como método de cabecera	Cada CYP2D6 sustrato/inhibidor adicional reduce significativamente la actividad esperada en pacientes geriátricos polimedicados	40441673	2025	Solanidine-derived CYP2D6 phenotyping elucidates phenoconversion in multimedicated geriatric patients.
				True				40611548	2025	Results of a Phase II Trial for Intermediate-Risk Rhabdomyosarcoma Treatment Protocol JRS-I: A Report From the
				False	Evitar VAC/IE dose-compressed en pacientes indios; considerar régimen tres semanal IE/VAC		dose-compressed VAC/IE is highly myelosuppressive and lead to febrile neutropenia	40616568	2025	Case report of an adult with rhabdomyosarcoma of lung with ovarian metastases or the other way around: Do's an
				True			66.1% of children claimed at least one PGx drug; over 96% of interactions involved seven genes	40645942	2025	Utilisation of drugs with pharmacogenetic recommendations in children in Switzerland.
				False				40755557	2025	Vulvar Rhabdomyosarcoma in an Adult Female Patient: A Case Report and Review of Literature.
CYP2D6	Tamoxifen, ondansetron, tramadol			False			25% de pacientes fenotipados mostraron metabolizadores no-normales, enfatizando importancia de consideraciones farmacogenómicas	40776023	2025	Unveiling Pharmacogenomic Patterns in Breast Cancer Through Big Data.
				True				40851719	2025	Embryonal Rhabdomyosarcoma of the Uterine Cervix in a Patient With Xeroderma Pigmentosum: An Exceptional Assoc
DICER1: c.5125G>A (p.D1709N) somática; c.4458dupA (p.S1487Ifs*5) germinal				True			DICER1 variants associated with anaplastic sarcoma of the kidney as part of DICER1 syndrome.	40861331	2025	Anaplastic Sarcoma of the Kidney in a Child with DICER1 Syndrome: A Case Report.
CYP2D6 (EM vs IM)	atípicos antipsicóticos	EM: mayor eficacia; IM: menor eficacia y más anomalías MRI	PANSS 118→40 (EM); GAF 39→76 (EM)	True		CYP2D6 genotipad solo en 31/63 pacientes (49.2%)	EM patients demonstrated superior clinical improvement compared to IM and non-tested groups	40863997	2025	Correlation of Neuroimaging Biomarkers and Pharmacogenetic Profiles in Optimizing Personalized Therapy in Chil
								40879417	2026	Insights into CYP450 polymorphisms and their impact on drug metabolism in Alzheimer's disease therapy.
						Requiere genotipado de SNP, indels y variantes estructurales; complejidad en CYP2D6 por variaciones de número de copias	GenoStaR convierte genotipos en alelos estrella y predice estado metabolizador para genes CYP mayores	40908856	2025	GenoStaR: An R Package for Genotype to Star Allele Conversion for Major Cytochrome P450 Family of Genes.
	Atezolizumab + vincristine + irinotecan + temozolomide			True	Atezolizumab 15 mg/kg Day 1; vincristine 1.5 mg/m² Day 1; irinotecan 50 mg/m² Days 1-5; temozolomide 100 mg/m² Days 1-5 in 21-day cycles		Atezolizumab combined with vincristine, irinotecan, and temozolomide was feasible and well tolerated in children	40937822	2025	Feasibility of Atezolizumab in Combination With Chemotherapy for Children With Relapsed or Refractory Solid Tu
['CYP2D6*4 (GA intermediate metabolizers)', 'NQO1*2 P187S (TT genotype)', 'GSTP1 (AG genotype, en análisis combinatorio)', 'GSTT1 y GSTM1 (sin asociación)']		Mayor susceptibilidad a cáncer de ovario	['CYP2D6*4: OR 2.01 (95% CI 1.35-3.01)', 'NQO1*2: OR 2.35 (95% CI 1.25-4.42)', 'Combinatorial (AG GSTP1 + TT NQO1 + GA CYP2D6): OR 18.42 (95% CI 2.18-155.21)']	False		PCR-RFLP y multiplex-PCR utilizados; análisis in silico predijo impacto funcional pero sin validación clínica directa	CYP2D6*4 intermediate metabolizers conferred 2-fold elevated OC risk; combinatorial genotypes conferred 18.4-fold increased OC risk	40956391	2025	Xenobiotic metabolizing gene polymorphisms and their influence on ovarian cancer susceptibility: A Case-Contro
						Métodos convencionales (PCR dirigido, microarrays, secuenciación de lecturas cortas) tienen dificultad resolviendo variantes estructurales complejas, particularmente en CYP2D6; diplotipage de CYP2D6 permaneció desafiante con métodos previos.	ONT-AS panel demonstrated superior variant phasing, three times more variants per phasing block than Twist PGx panel.	40994639	2025	Comparative evaluation of Oxford Nanopore Technologies' adaptive sampling and the Twist long-read PGx panel fo
CYP2D6 (*1, *2, *10, deleción génica)				False			CYP2D6 metaboliza aproximadamente 20% de fármacos comúnmente prescritos; variabilidad genética contribuye a diferencias interindividuales e interétnicas.	41003540	2025	CYP2D6 genotyping in a Korean cohort: comparative analysis with Asian, Caucasian, and African populations.
DPYD 85T>C, DPYD 1627A>G, DPYD 1896T>C	5-fluorouracilo (5-FU)	más toxicidad (anemia)	69.2% vs 40.0% (anemia grado ≥1 en ciclo 2, portadores 85T>C)	False		tamaño de muestra reducido para miRNA (n=9 para 85T>C; n=6 para 1896T>C)	DPYD 85T>C may predispose to cumulative hematological toxicity; integration with miRNA warrants further investigation	41020253	2025	Association between miRNA expression profiles and polymorphisms of dihydropyrimidine dehydrogenase drug-metabo
CYP2D6 (alleles no especificadas)	primaquine					Los ensayos convencionales no capturan la amplia diversidad de alelos en el locus CYP2D6, particularmente en poblaciones de regiones endémicas de malaria	Nanopore sequencing proved particularly valuable for identifying complex structural variants	41028863	2025	Enhancing CYP2D6 genotyping with nanopore sequencing to address allele diversity P. vivax malaria elimination.
				True			fusion-positive rhabdomyosarcoma has the dubious distinction of being one of the most difficult to cure childhood cancers	41038289	2025	Towards directed therapy for fusion-positive rhabdomyosarcoma.
DPYD (variantes heterocigóticas, no especificadas)	Fluoropirimidinas (FP)	más toxicidad	OR = 0.13 (IC95%: 0.01-0.93) para eventos adversos graves; OR = 0.06 (IC95%: 0.003-0.55) para discontinuación	False	Iniciar con reducción del 50% de dosis de FP en portadores DPYD, con posibilidad de escalada en pacientes con buena tolerancia		DPYD-guided dose adjustment significantly reduces severe toxicity and treatment discontinuation in CRC patients	41050413	2025	DPYD-guided fluoropyrimidine dose adjustment in colorectal cancer DPYD carriers: start slower to finish strong
				True			over half of the patients had genetic variants affecting warfarin response, with additional impacts on antidepressants, clopidogrel, and anticancers	41109911	2025	Genome-wide screening of pharmacogenomic biomarkers in jordanian patients with genetic disorders.
DPYD	Fluoropirimidinas	menos toxicidad					pre-emptive PGx screening prevents severe, fatal FP-related toxicities and hospitalisations	41144218	2025	Cost-Effectiveness of Pre-emptive DPYD Genotyping Compared to Standard of Care Among Patients Receiving Fluoro
				False		Genotyping performed using TaqMan OpenArray assays	36%, 57.7%, and 41.6% of individuals exhibited altered CYP2D6, CYP2C19, and CYP2C9 activity	41155190	2025	Population Genetics of Pharmacogenetic Variants in a Greek Psychiatric Cohort of over 3000 Individuals.
CYP2D6						Desafíos en identificar variantes y haplotipos en regiones con alta similitud de secuencia	Aldy alcanzó precisión de haplotipos y fenotipos de 89.56% y 96.59% respectivamente	41162631	2026	A comprehensive assessment of pharmacogenomic annotation tools for next-generation sequencing data: an emphasi
				True				41216926	2026	Children and Adolescents With Localised Non-Rhabdomyosarcoma Soft Tissue Sarcoma: Results of the CWS-96 and CW
CYP2B6 (*6, *9), CYP3A5 (*3), GSTM1 (null), GSTT1 (null), XRCC1 Arg399Gln, ERCC2 Lys751Gln	Cyclophosphamide	Altered activation and systemic exposure (CYP variants); increased toxicity (GSTM1/GSTT1 null); altered treatment response and side effect risk (DNA repair variants)					Null variants in GSTM1 and GSTT1 linked to increased drug toxicity due to impaired detoxification.	41243192	2026	Genetic landscape and therapeutic evolution of cyclophosphamide: spotlight on breast cancer.
DPYD (HapB3/rs56038477, DPYD*2A, c.2846A>T)	5-fluorouracilo (5-FU) y capecitabina	más toxicidad	72.7% toxicidad grado ≥3 en portadores vs 37.0% en no portadores (P=0.03)		reducción de dosis necesaria en 90.9% de portadores vs 14.8% de no portadores	genotipado limitado a cuatro variantes conocidas mediante TRUPCR	DPYD mutations experience increased toxicity and dose adjustments; however, treatment efficacy was not affected.	41259730	2025	Clinical Implications of Dihydropyrimidine Dehydrogenase Deficiency in GI and Hepatopancreaticobiliary Cancers
DPYD c.1679T>G y DPYD c.1905+1G>A	fluoropirimidinas	más toxicidad					two clinically significant DPYD variants associated with fluoropyrimidine toxicity risk	41327099	2026	Germline mutational landscape in a large cohort of Indian breast cancer.
DPYD rs4294451	5-fluorouracil (5-FU)	menos eficacia	-4.0 mg*h/L por T-alelo (IC 95% -8.0, 0.0, p=0.049)	False			DPYD rs4294451 T-allele count and male sex were significantly associated with reduced 5-FU drug exposure.	41339584	2025	Association of DPYD rs4294451, plasma uracil concentration, and sex with 5-fluorouracil exposure in patients w
CYP2D6 (*10, *41, *4, *3, *6, CNVs) y CYP2C19 (*2, *3, *17)	Antidepresivos SSRI y SNRI			False			86% de participantes tuvo al menos un fenotipo farmacogenético clínicamente accionable	41378208	2025	Pharmacogenetic variations and clinical implications of actionable CYP2D6/CYP2C19 variants in Central Indian p
DPYD: *2A, *13, p.D949V, rs1801160 (p.V732I/*6), rs2297595 (p.M166V), y variantes raras predichas deletéreas (MAF <0.01)	fluoropirimidinas	mayor toxicidad (grado 4-5 hematológica y digestiva)	p.V732I: OR=1.93 (IC95% 1.37-2.70); p.M166V: OR=1.49 (IC95% 1.13-1.96); variantes raras: OR=3.20 (IC95% 1.43-7.14)	False		sensibilidad del genotipado DPYD mejorada de 11.2% (solo *2A/*13/p.D949V) a 47.5% (44 variantes)	DPYD sequencing identified additional relevant variants and improved the sensitivity of DPYD testing	41386266	2026	A predictive model for life-threatening fluoropyrimidine toxicity based on DPYD sequencing in colorectal cance
CYP2D6 (*1, *2, *4, *10, *17, *29, *41, *45, *36, *68, *154, *158)						Variantes interferentes afectan la determinación de número de copias; requiere 200 ng de DNA para mantener integridad hasta 6 copias	StarTRAC-CYP2D6 es un método efectivo y autónomo para determinar CN de alelos específicos	41409601	2025	StarTRAC-CYP2D6: a method for CYP2D6 allele-specific copy number determination using digital PCR.
						CYP2D6: necesidad de integrar análisis de CNV con genotipado de SNP para fenotipificación clínica precisa	CYP2D6 CNV analysis must be integrated with SNP genotyping for accurate clinical phenotyping	41421495	2026	Allele, Diplotype, and Phenotype Frequency Distribution of CYP2B6, CYP2C19, and CYP2D6 in the Han Population i
				True				41474586	2025	Primary ovarian rhabdomyosarcoma: A diagnostic dilemma in an uncommon tumor.
								41496497	2026	Consent, Concern, and Capacity: Factors Associated With Attitudes Toward Pharmacogenetic Testing Among Patient
CYP2D6 (fenotipo metabolizador intermedio); COMT rs6269, rs4633, rs4818 (alelo alta sensibilidad al dolor)		menos eficacia (fracaso terapéutico)		False			pacientes con fenotipo CYP2D6 IM o COMT HPS significativamente más propensos a fracaso terapéutico	41521967	2026	Genetic Determinants of Analgesic Responsiveness: A Focus on CYP2D6 and COMT Polymorphisms in Chronic Pain.
DPYD - múltiples variantes (51 identificadas, incluyendo variantes raras y CNV)	Fluoropirimidinas	Más toxicidad				Genotipado estándar no detecta variantes raras ni CNV; NGS las identifica	NGS identifies DPYD rare or structural variants with potential functional impact, improving genetic assessment of DPD deficiency	41542958	2026	Dihydropyrimidine dehydrogenase testing: capturing what standard genotyping misses with next-generation sequen
				False		discordancia entre NGS (positivo para amplificación MET con copia número 9) vs FISH e inmunohistoquímica (negativos para amplificación MET)	Next-generation sequencing revealed MET gene amplification; however, both fluorescence in situ hybridization and immunohistochemical tests were negative	41607761	2026	Adult liver rhabdomyosarcoma complicated with sarcomatoid carcinoma: A case report.
				True				41618686	2026	A Rare Pediatric Paratesticular Spindle Cell Rhabdomyosarcoma and Systematic Literature Review.
DPYD*2A homocigoto	capecitabina	más toxicidad (en dosis estándar); sin efecto adverso grave en ultra-dosis baja)	0.50-0.76% de la dosis estándar basada en BSA	False	capecitabina 150 mg en días 1 y 8 de ciclo de 21 días (0.50% de dosis estándar), con monitorización de farmacocinética		carefully individualized ultra-low-dose capecitabine, guided by pharmacokinetics and toxicity monitoring, can provide meaningful clinical benefit	41633578	2026	Clinical response to capecitabine in a DPYD*2A homozygous patient: Case report and therapeutic guidance.
['CYP2D6*4', 'CYP3A5*3, *6, *7', 'DPYD rs115232898, rs17376848, rs1801159, rs1801265', 'TPMT*3C']	['Tamoxifen', 'Tacrolimus', '5-Fluorouracil, Capecitabine', 'Thiopurines (6-MP, Azathioprine)']	['menos eficacia', 'menos eficacia', 'menos eficacia', 'más toxicidad']	['CYP2D6*4: 1.0% Esan (95% CI: 0.2–5.5), ausente Yoruba', 'CYP3A5 homocigoto: ~3% Esan, ~6% Yoruba', 'DPYD rs115232898: 1.0% Esan (95% CI: 0.3–3.6), 4.2% Yoruba (95% CI: 2.2–7.7)', 'TPMT*3C: 0% Esan, 0.9% Yoruba']				pharmacogenomic testing is not currently included in cancer care in Nigeria	41664142	2026	Clinically actionable pharmacogenomic variants for anticancer therapy in Nigeria: first comprehensive variant 
	lansoprazol, omeprazol, ibuprofeno, ondansetrón, tramadol			True			PPI-CYP2C19 should be a PGx testing priority	41713489	2026	Opportunities for Pharmacogenetic Testing Among Hospitalized Children With Medical Complexity.
DPYD (haplotype HapB3, p.D949V, *2A, *13)	fluoropyrimidines (5-fluorouracilo y análogos)	más toxicidad					A sizable minority of oncology patients bear variants of DPYD with reduced activity and may be at increased risk of fluoropyrimidine toxicities if treated at full doses.	41797628	2026	Dihydropyrimidine dehydrogenase (DPYD) genetic testing and treatment with 5-fluoropyrimidines in cancer patien
DPYD (múltiples variantes identificadas, 13 coding/splice-site; 3 con fenotipo metabolizador intermedio)	capecitabina	mayor toxicidad (en portadores de variantes)				datos limitados de India; estudios basados en NGS escasos en la población	No significant association was observed between DPYD variant status and toxicity.	41800094	2026	DPYD genotyping in patients receiving capecitabine: an exploratory analysis from the D-TORCH study.
CYP2D6 (11 variantes y CNV evaluadas)	ondansetron	menos eficacia (nonresponse)	OR 1.53 (IC95% 0.88-2.66) para UM/NM vs PM/IM; OR 1.22 (IC95% 0.81-1.85) por actividad score	False			Metabolizer status was not associated with response. UM/NM had non-significantly higher risk of nonresponse.	41820792	2026	Impact of CYP2D6 Metabolizer Status on Ondansetron Efficacy in Early Pregnancy Induced Nausea and Vomiting: A 
['SULT1A1 (copy number variation)', 'SULT1E1 rs3736599', 'UGT2B7 rs7439366', 'CYP3A4 rs2242480', 'SULT1A2*2', 'UGT2B15 rs4148269']	tamoxifen	mas toxicidad (side effects)		False			pharmacogenetic variation is associated with interindividual differences in treatment-related side effects	41898786	2026	SULT and UGT Genetic Variants Modulate Side Effect Profiles in South African Breast Cancer Patients Treated wi
['DPYD (múltiples: c.150+1G>A, c.1863G>A, otras 11)', 'ENOSF1 rs2612091', 'TYMS rs11280056', 'CDH4 (evaluado pero sin resultados específicos)', 'CDA (evaluado pero sin resultados específicos)']	Fluoropirimidinas (5-fluorouracilo, otros)	Mayor toxicidad		False		Genotipado DPYD estándar no detecta variantes raras identificadas por secuenciación de exones	DPYD wild-type patients receiving full dose develop clinically relevant toxicity despite standard genotyping.	41901303	2026	Genetic Variants Associated with Fluoropyrimidine-Induced Toxicity in Real-World Patients After Pre-Emptive DP
	Vinorelbina y Ciclofosfamida (metronomica)	Mielodepresión (neutropenia, anemia, trombocitopenia)	Neutropenia 89%, anemia 28%, trombocitopenia 22%	True	Iniciar a aproximadamente 80% de la dosis estándar en pacientes pretratados; ajustes de dosis durante tratamiento		Initiating therapy at approximately 80% of the standard dose may be appropriate in heavily pretreated patients	41964508	2026	Safety and Efficacy of Vinorelbine and Continuous Low-Dose Cyclophosphamide Chemotherapy in Japanese Pediatric
CYP2D6	ondansetron, tropisetron, dolasetron, palonosetron, ramosetron	menos eficacia					CYP2D6 genetic variation can influence the metabolism of these medications, particularly ondansetron and tropisetron, thereby affecting drug efficacy.	41979467	2026	Clinical Pharmacogenetics Implementation Consortium (CPIC) Guideline for CYP2D6 Genotype and Use of 5-HT3 Rece
CYP2D6 (variantes múltiples; fenotipo predicho: intermediate metabolizer gIM, poor metabolizer gPM)	Primaquina (PQ) y Tafenoquina (TQ)	Primaquina: mayor riesgo de recurrencia en portadores gIM/gPM. Tafenoquina: sin efecto del genotipo	PQ recurrencia P=0.016; gIM+gPM vs gNM P=0.036			Genotipado por PCR en tiempo real	CYP2D6 does not impact TQ efficacy; P. vivax recurrence associated with predicted metabolic phenotype in PQ-treated patients	42037398	2026	Differential impact of Tafenoquine and Primaquine on Plasmodium vivax recurrence: the role of CYP2D6 variants.
['CYP2C9 *3', 'CYP2C19 *2/*3', 'CYP2D6 *10', 'SLCO1B1 variantes de función reducida']	['warfarina', 'NSAID', 'estatinas']	['mayor toxicidad (warfarina, NSAID)', 'mayor toxicidad (estatinas - miopatía inducida)']		False			High frequencies of CYP2C19 *2/*3 and CYP2D6*10 alleles were observed, consistent with Southeast Asian profiles.	42050991	2026	Frequency of Key Pharmacogenes CYP2C9, CYP2C19, CYP2D6, and SLCO1B1 in the Yogyakarta Population: Implications
DPYD	5-fluorouracil (5-FU)	más toxicidad (mucositis intestinal inducida por quimioterapia)					DBPD upregulated DPYD to suppress pathological accumulation of toxic bile acids in 5-FU-induced intestinal mucositis	42069161	2026	Dabupi decoction mitigates fluorouracil-induced intestinal mucositis via farnesoid X receptor activation and d
						El panel detecta variantes complejas incluidas cambios de número de copias CYP2D6 e híbridos	Cada muestra clínica contenía media seis variantes actionables; 36 variantes raras potencialmente actionables identificadas	42075824	2026	Analytical and Clinical Validation of Action PharmaKitDx: A Comprehensive NGS Panel for the Identification of 
SMARCA4: c.2729C>T (p.T910M), c.3634_3636del (p.E1212del), c.3574C>T (p.R1192C), c.3733G>A (p.A1245T)	EGFR tyrosine kinase inhibitor	menos eficacia					The mutated genes were more resistant to the EGFR tyrosine kinase inhibitor.	42145909	2026	Next-generation sequencing elucidates the distinct mutational landscape of SMARCA4-deficient lung cancer.
DPYD (variantes no especificadas)	fluoropirimidinas	sin efecto (en supervivencia)	OS 85.7% vs 70.4% a 12 meses		inicio con dosis reducida y escalada clínica; dosis máximas alcanzadas 57-112% de la dosis estándar	muestra muy pequeña de portadores (n=7); variantes DPYD no especificadas	dose reductions did not compromise efficacy; however, prospective larger statistically powered studies needed	42165558	2026	Pre-emptive DPYD genotyping and fluoropyrimidine dose optimisation: Dose tolerance and survival in cancer pati
				True			la ventana de vigilancia estándar de 5 años es insuficiente; se propone un marco de 10 años	42192992	2026	Beyond the 5-Year Window: Late-Onset Ocular Morbidity and a Proposed 10-Year Functional Survivorship Protocol 
				True		Fluorescence in situ hybridization for EWSR1 rearrangement was negative	tumor classified as undifferentiated round cell sarcoma with Ewing-like features	42232439	2026	Primary spinal epidural undifferentiated round cell sarcoma with Ewing-like features in an 8-year-old child: D
DPYD: rs3918290 (DPYD*2A, c.1905+1G>A), rs55886062 (DPYD*13, c.1679T>G), rs67376798 (c.2846A>T), rs56038477 (c.1236G>A, HapB3); UGT1A1: rs8175347 (UGT1A1*28/*37), rs4148323 (UGT1A1*6, c.211G>A)	Fluoropirimidinas e irinotecan	Mayor toxicidad en portadores sin ajuste genotípico; riesgo toxicidad variable según variante específica	Toxicidad general: 16.0% vs. 43.3% (p<0.001); DPYD c.1905+1G>A: 0% vs. 61.5% (p=0.007); DPYD c.2846A>T: 67% vs. 27% (p=0.092); UGT1A1*28 homocigotos: 21.1% vs. 45.7% (p=0.086)		Ajuste pretreatamiento según DPWG; para DPYD c.1236G>A (HapB3) puede no ser óptimo el enfoque uniforme (reducción RDI 50% vs. 82%)		uniform genotype-based strategies may not fully capture variant-specific effects, particularly for DPYD c.1236G>A (HapB3)	42266018	2026	DPYD and UGT1A1 Genotype-Based Dosing for Fluoropyrimidines and Irinotecan Chemotherapy: Variant-Specific Impa
CYP2B6 rs3745274, CYP2B6 rs8192719, CYP2C19 rs4244285, CYP2C19 rs3758580, ALDH3A1 rs2228100	Cyclophosphamide (post-transplant)	Mayor riesgo de GVHD crónico y agudo (grados I-II)				Tamaño muestral limitado (n=35), estudio retrospectivo	rs3745274 in CYP2B6 associated with cGVHD; rs2228100 in ALDH3A1 with aGVHD	42288135	2026	Impact of Genetic Variants in Cyclophosphamide-Metabolizing Enzymes on Clinical Outcomes After Haploidentical 
	atomoxetina			True	CYP2D6 genotyping for atomoxetine dosing	routine genetic testing for stimulant selection is not justified	Pharmacogenetic evidence supports CYP2D6 genotyping for atomoxetine dosing	42299664	2026	Update on ADHD genetics: A practitioner's perspective: Mise &#xe0; jour sur la g&#xe9;n&#xe9;tique du TDAH : l
CYP2D6 (múltiples: variantes comunes, CYP2D6*62, CYP2D6*22, *23, *28, p.Ala165Gly, p.Pro264Thr, y variantes estructurales)	Tamoxifeno			False		Genotipado dirigido falla en detectar alelos raros y complejos; variantes estructurales y de significado incierto difíciles de interpretar	NGS mejoró asignación de diplotipos en 23.5% y clasificación de estado metabolizador en 7.4% de pacientes	42312965	2026	Does Next Generation Sequencing (NGS)-Based CYP2D6 Sequencing Improve Genotype-Phenotype Concordance in Tamoxi
ABCC1 rs3743527, NCF4 rs1883112, CBR3 rs1056892	Doxorubicin (Doxorrubicina)	más toxicidad		True			8-OHdG may function as an integrative marker of redox dysfunction associated with Dox-induced cardiotoxicity	42353582	2026	Oxidative DNA Damage as an Integrative Marker of Redox Dysfunction Associated with Doxorubicin-Induced Cardiot
				False		CYP2D6 copy-number variation was not assessed	High prevalence of CYP2D6 and CYP2C19 variability with predicted functional relevance based on CPIC	42356431	2026	CYP450 Metabolizer Phenotypes in a Turkish Emergency Cardiac Patient Cohort: A Descriptive Pharmacogenomic Stu
CYP2D6 (múltiples variantes y CNV)	tamoxifeno	menos eficacia (enfermedad en estadio II)	HR 3.59 (95% CI 2.34-67.48)	False		allele drop-out en ensayos convencionales; cobertura incompleta de alelos; detección de CNV requiere PCR semi-cuantitativa complementaria	Comprehensive CYP2D6 profiling improves phenotype assignment and highlights methodological pitfalls	42380819	2026	Comprehensive CYP2D6 genotyping improves phenotype classification and highlights methodological pitfalls in ta
MMR (deficient MMR/MSI-H); KRAS codon 12; BRAF; DPYD; UGT1A1	atezolizumab + mFOLFOX; oxaliplatin; fluoropyrimidines	dMMR/MSI-H: mejor eficacia con inmunoterapia; KRAS codon 12: peor pronóstico (menor supervivencia); DPYD/UGT1A1: toxicidad	dMMR/MSI-H + atezolizumab: HR 0.50 (IC 95% 0.34-0.72), DFS 86.4% vs 76.6%; neoadjuvant NICHE-2: respuesta patológica completa 68%, DFS 3 años 100%; ctDNA: reducción oxaliplatin 60%, RFS 85.3% vs 88.1%; HR recurrencia >5 para ctDNA postoperatoria	False			Universal MMR testing is mandatory: deficient MMR/microsatellite instability-high tumors represent approximately 15% of stage II/III cases.	42402363	2026	Biomarker-Guided Adjuvant Therapy in Stage II/III Colon Cancer: A Systematic Review of Current Evidence and Cl
				False		Genotipado de CYP2D6 y CYP3A5 se describe como estrategia de reclutamiento para reducir variabilidad, no como limitación técnica del ensayo	Subject recruitment stratified by genotyping of CYP2D6 and CYP3A5 polymorphisms reduced ISV by up to 54%	42474021	2026	Comprehensive Review of Factors Influencing Intrasubject Variability in Bioequivalence Studies.
	5-fluorouracilo (5-FU)	menos eficacia (resistencia a 5-FU)					FBAL upregulates dihydropyrimidine dehydrogenase (DPD) expression and drives 5-FU resistance in colorectal cancer	42475555	2026	&#x3b1;-fluoro-&#x3b2;-alanine functions as a &#x3b2;-arrestin1-biased ligand of S1PR2 to upregulate DPD expre
				False				42483493	2026	Successful Sequential Multimodal Therapy for Lingual Rhabdomyosarcoma in a Young Adult: Case Report.
DPYD c.1129-5923C>G (rs75017182); también c.1236G>A (rs56038477); variantes raras: c.496A>G, c.2194G>A, c.1601G>A	Fluoropirimidinas	Menos eficacia (subdosificación) en portadores de c.1236G>A sin c.1129-5923C>G		False	Ajuste de dosis requerido en portadores de variantes raras (c.496A>G, c.2194G>A, c.1601G>A)	Uso de c.1236G>A como proxy de c.1129-5923C>G es insuficiente: no están en perfecto desequilibrio de ligamiento; esto produce subdosificación. Paneles genéticos deberían expandirse para incluir variantes DPYD raras adicionales.	Incomplete linkage disequilibrium may lead to misclassification of patients' metabolic capacity	42510779	2026	DPYD Genotyping of Patients with Fluoropyrimidine Treatment: Results of Protocol Implementation and Outcomes o
				True				42527384	2026	The VIVA Regimen (Vinorelbine, Ifosfamide, Vincristine, and Actinomycin-D) for High-Risk Rhabdomyosarcoma: Fea
	Antraciclinas	más toxicidad (cardiotoxicidad)	15.1% (18/119)	False		Cinco variantes candidatas (CBR3 rs1056892, GSTP1 rs1695, SLC28A3 rs7853758, ABCB1 rs1045642, ABCC2 rs8187710) no mostraron asociación significativa con cardiotoxicidad en cohorte china	ACT significantly associated with clinical risk factors rather than selected candidate genetic polymorphisms.	42549829	2026	Clinical and genetic risk factors for anthracycline&#x2011;induced cardiotoxicity in Chinese early&#x2011;stag
	Cyclophosphamide (CP); Artemisinin (ART)	Menos eficacia de CP (mayor metabolismo a forma activa, pero reducción de exposición sistémica)	AUC0-t CP reducida 26.6%; CL/F aumentada 1.35 veces; AUC0-t 4-keto-CP aumentada 1.42 veces; Cmax 4-keto-CP aumentada 1.45 veces	False		4-OH-CP inestable; se utilizó 4-keto-CP como metabolito sustituto	ART upregulates mRNA expression and activity of CAR/CYP2B6, inducing CP metabolism to active metabolite	42563468	2026	The Effect of Artemisinin on the Pharmacokinetics of Cyclophosphamide and Its Metabolite in Mice and Its Poten
	5-fluorouracil (5-FU)					Variabilidad en mediciones repetidas de uracil plasmático tras almacenamiento 3 años a -80°C; en 9 pacientes la variabilidad cruzó el umbral clínico de 16 µg/L	no systematic change in P-uracil was observed during storage at -80°C for up to three years; however, variability between repeated measurements was observed at individual level	42584214	2026	Long-term storage stability of uracil in plasma.
	anti-PD1 (Sintilimab)	menos eficacia		False			Downregulated ZBED6 creates a thymidine-deficient environment, resulting in the ineffectiveness of anti-PD1 immunotherapy	42585696	2026	ZBED6-driven nucleotide metabolic reprogramming improves sensitivity to anti-PD1 therapy in NK/T cell lymphoma
DPYD c.2766+3A>T	fluoropirimidinas (capecitabina, oxaliplatino)	más toxicidad		False		variante intronica rara no detectada por genotipado rutinario de DPYD; requirió secuenciación de exones	c.2766+3A>T causa ausencia de exon 21 y deficiencia profunda de DPD, asociado con toxicidad grave	42596594	2026	The variant c.2766+3A>T in DPYD leads to exon 21 skipping and is associated with DPD deficiency and severe flu
				True			drug sensitivity assay may represent a feasible and potentially useful tool for informing real time treatment decisions	42630298	2026	Exploring drug sensitivity guided individualized treatment in pediatric spindle cell/sclerosing rhabdomyosarco
						El genotipado no captura completamente la actividad enzimática in vivo; discriminación limitada entre grupos fenotípicos adyacentes (metabolizadores intermedios, normales, ultrarrápidos)	Solanidina y sus metabolitos CYP2D6-dependientes como biomarcadores no invasivos de actividad CYP2D6 complementarios al genotipado	42664883	2026	Current evidence supporting solanidine and its metabolites as biomarkers of CYP2D6 activity.
