especie	pos737	pos1002
Mus musculus	L	N
Rattus norvegicus	L	N
Nannospalax galili	L	N
Equus caballus	L	N
Bos taurus	L	N
Mus musculus	I	N
Mus musculus	L	N
Pan troglodytes	L	N
Trichechus manatus latiros	L	N
Balaenoptera acutorostrata	L	N
Carlito syrichta	L	N
Ursus americanus	L	E
Monodelphis domestica	L	N
Oryctolagus cuniculus	L	N
Zalophus californianus	L	N
Balaenoptera musculus	L	N
Jaculus jaculus	L	N
Piliocolobus tephrosceles	L	N
Callithrix jacchus	L	N
Felis catus	L	N
Echinops telfairi	L	N
Orycteropus afer afer	F	N
Callithrix jacchus	L	E
Sus scrofa	L	N
Ursus maritimus	L	N
Callorhinus ursinus	L	N
Vulpes vulpes	L	N
Rhinolophus ferrumequinum	L	N
Suricata suricatta	L	N
Zalophus californianus	L	N
Bison bison bison	L	N
Pteropus vampyrus	L	N
Phascolarctos cinereus	L	N
Camelus ferus	L	N
Moschus moschiferus	L	N
Phocoena sinus	L	N
Panthera pardus	L	N
Felis catus	L	N
Galeopterus variegatus	L	N
Castor canadensis	F	N
Gorilla gorilla gorilla	L	N
Pongo abelii	L	N
Sus scrofa	L	N
Callorhinus ursinus	L	N
Bos indicus x Bos taurus	L	-
Bos indicus x Bos taurus	L	N
Vombatus ursinus	L	N
Lynx canadensis	L	N
Vicugna pacos	L	N
Phyllostomus discolor	L	N
Catagonus wagneri	P	N
Equus asinus	L	-
Moschus moschiferus	L	N
Panthera leo	L	N
Phocoena sinus	L	N
Canis lupus familiaris	L	N
Ursus maritimus	L	N
Neomonachus schauinslandi	L	N
Equus caballus	-	N
Microtus ochrogaster	S	N
Pan troglodytes	L	N
Pan troglodytes	L	N
Neogale vison	L	N
Heterocephalus glaber	L	N
Macaca mulatta	L	N
Dipodomys ordii	L	N
Odobenus rosmarus divergen	L	N
Leptonychotes weddellii	L	-
Tursiops truncatus	L	N
Delphinapterus leucas	L	N
Neophocaena asiaeorientali	L	N
Capra hircus	L	N
Lynx canadensis	L	N
Bos indicus	L	N
Mus caroli	L	N
Puma concolor	L	N
Microcebus murinus	L	N
Balaenoptera musculus	L	N
Chinchilla lanigera	L	N
Marmota marmota marmota	L	N
Neogale vison	L	N
Prolemur simus	L	N
Panthera pardus	L	N
Camelus bactrianus	L	N
Equus przewalskii	L	N
Mesocricetus auratus	S	N
Mesocricetus auratus	S	N
Vulpes vulpes	L	N
Monodelphis domestica	L	N
Callithrix jacchus	L	N
Ailuropoda melanoleuca	L	N
Myotis lucifugus	L	N
Sarcophilus harrisii	L	N
Cavia porcellus	L	N
Macaca mulatta	L	N
Erinaceus europaeus	L	N
Cebus imitator	L	N
Rhinopithecus roxellana	L	N
Lipotes vexillifer	L	N
Capra hircus	L	N
Acinonyx jubatus	L	N
Odocoileus virginianus	L	N
Zalophus californianus	L	N
Phyllostomus discolor	L	N
Sapajus apella	L	N
Phascolarctos cinereus	L	N
Mus caroli	L	N
Equus asinus	L	N
Microcebus murinus	L	N
Monodon monoceros	L	N
Urocitellus parryii	L	N
Pongo abelii	L	N
Chrysochloris asiatica	L	N
Acinonyx jubatus	L	N
Balaenoptera acutorostrata	L	N
Macaca mulatta	L	N
Ailuropoda melanoleuca	L	N
Nomascus leucogenys	L	N
Oryctolagus cuniculus	L	N
Gorilla gorilla gorilla	L	N
Loxodonta africana	L	N
Ictidomys tridecemlineatus	L	N
Mustela putorius furo	L	N
Homo sapiens	L	N
Homo sapiens	L	N
Homo sapiens	L	N
Homo sapiens	L	N
Homo sapiens	L	N
Anas platyrhynchos platyrh	L	N
Athene cunicularia	L	N
Strigops habroptila	-	N
Crocodylus porosus	L	N
Anser brachyrhynchus	L	N
Laticauda laticaudata	L	N
Microcebus murinus	L	-
Gallus gallus	L	N
Apteryx mantelli	L	N
Ovis aries	L	N
Callorhinus ursinus	L	N
Callorhinus ursinus	L	N
Xenopus laevis	L	N
Physeter macrocephalus	L	N
Anas platyrhynchos platyrh	L	-
Pipra filicauda	L	N
Geotrypetes seraphini	L	N
Anolis carolinensis	L	N
Anser brachyrhynchus	L	N
Anser brachyrhynchus	L	R
Anser cygnoides	L	N
Anser cygnoides	L	R
Chrysemys picta bellii	L	N
Geospiza parvula	L	-
Erpetoichthys calabaricus	L	N
Moschus moschiferus	L	N
Scleropages formosus	L	N
Echinops telfairi	L	-
Anas platyrhynchos platyrh	L	-
Lynx canadensis	L	-
Taeniopygia guttata	L	N
Thamnophis sirtalis	L	N
Acinonyx jubatus	L	N
Aythya fuligula	L	N
Geotrypetes seraphini	L	N
Anser cygnoides	L	N
Equus asinus	L	N
Naja naja	L	N
Nothoprocta perdicaria	L	N
Serinus canaria	L	N
Callithrix jacchus	L	N
Apteryx mantelli	L	N
Apteryx mantelli	L	N
Ovis aries	L	N
Callorhinus ursinus	L	N
Pan troglodytes	L	N
Ornithorhynchus anatinus	L	N
Ficedula albicollis	L	N
Ficedula albicollis	L	N
Anas platyrhynchos platyrh	L	N
Phasianus colchicus	L	N
Strigops habroptila	L	N
Geospiza fortis	L	N
Leptonychotes weddellii	L	-
Pipra filicauda	L	N
Chelonoidis abingdonii	L	N
Coturnix japonica	L	N
Chrysemys picta bellii	L	N
Python bivittatus	L	N
Erinaceus europaeus	L	-
Apteryx mantelli	L	N
Apteryx mantelli	L	N
Apteryx mantelli	L	N
Equus caballus	L	N
Pelodiscus sinensis	L	N
Aquila chrysaetos chrysaet	L	N
Podarcis muralis	L	N
Taeniopygia guttata	L	-
Taeniopygia guttata	L	N
Lepidothrix coronata	L	N
Geotrypetes seraphini	L	N
Ailuropoda melanoleuca	L	N
Anser brachyrhynchus	L	N
Catharus ustulatus	L	N
Gopherus evgoodei	L	N
Phocoena sinus	L	N
Gekko japonicus	L	N
Apteryx mantelli	L	N
Ovis aries	L	-
Xenopus tropicalis	L	N
Haliaeetus albicilla	L	N
Phodopus roborovskii	S	N
Rissa tridactyla	L	N
Chunga burmeisteri	L	N
Steatornis caripensis	L	N
Homo sapiens	L	N
Homo sapiens	L	N
Homo sapiens	L	N
Vombatus ursinus	L	N
Canis lupus familiaris	L	N
Alligator sinensis	L	N
Gopherus evgoodei	L	-
Eublepharis macularius	L	N
Xenopus laevis	L	N
Xenopus laevis	L	N
Coturnix japonica	S	-
Anolis carolinensis	L	N
Anas platyrhynchos platyrh	L	N
Xenopus laevis	L	N
Nomascus leucogenys	L	N
Equus caballus	L	N
Pogona vitticeps	L	N
Aythya fuligula	L	N
Aythya fuligula	L	N
Alligator sinensis	L	N
Ornithorhynchus anatinus	L	N
Notechis scutatus	L	N
Octodon degus	L	N
Pantherophis guttatus	L	N
Chrysemys picta bellii	L	N
Dromaius novaehollandiae	L	N
Tachuris rubrigastra	L	N
Ophiophagus hannah	L	N
Alligator mississippiensis	L	-
Columba livia	L	N
Arapaima gigas	L	-
Polypterus senegalus	L	N
Mionectes macconnelli	L	N
Chelydra serpentina	L	N
