gene	tier	chrom	start	end	ensembl_id
AAAS	B_mitotic_GO	12	53307456.0	53324864.0	ENSG00000094914
ABCD1	D_actionable_pediatric	X	153724495.0	153744755.0	ENSG00000101986
ABRAXAS1	B_mitotic_GO	4	83459517.0	83523348.0	ENSG00000163322
ABRAXAS2	B_mitotic_GO	10	124801785.0	124836670.0	ENSG00000165660
ACADM	D_actionable_pediatric	1	75724431.0	75787575.0	ENSG00000117054
ACADVL	D_actionable_pediatric	17	7217125.0	7225273.0	ENSG00000072778
ACTA2	D_actionable_pediatric	10	88934815.0	88991339.0	ENSG00000107796
ACTB	B_mitotic_GO	7	5526409.0	5563902.0	ENSG00000075624
ACTL6A	B_mitotic_GO	3	179562886.0	179588462.0	ENSG00000136518
ACTL6B	B_mitotic_GO	7	100643097.0	100656458.0	ENSG00000077080
ACVRL1	D_actionable_pediatric	12	51906908.0	51923361.0	ENSG00000139567
AKAP8	B_mitotic_GO	19	15353385.0	15379862.0	ENSG00000105127
AKAP8L	B_mitotic_GO	19	15380046.0	15419141.0	ENSG00000011243
AKNA	B_mitotic_GO	9	114334156.0	114394405.0	ENSG00000106948
ALDH7A1	D_actionable_pediatric	5	126531200.0	126595362.0	ENSG00000164904
ALDOB	D_actionable_pediatric	9	101420560.0	101449664.0	ENSG00000136872
ALK	C_tumour_predisposition,D_actionable_pediatric	2	29190995.0	29921586.0	ENSG00000171094
ALKBH4	B_mitotic_GO	7	102456221.0	102464899.0	ENSG00000160993
ALPL	D_actionable_pediatric	1	21508813.0	21579441.0	ENSG00000162551
AMT	D_actionable_pediatric	3	49416771.0	49422685.0	ENSG00000145020
ANAPC1	B_mitotic_GO	2	111611639.0	111884690.0	ENSG00000153107
ANAPC11	B_mitotic_GO	17	81890669.0	81900991.0	ENSG00000141552
ANAPC15	B_mitotic_GO	11	72106370.0	72113688.0	ENSG00000110200
ANAPC2	B_mitotic_GO	9	137174784.0	137189028.0	ENSG00000176248
ANAPC4	B_mitotic_GO	4	25377210.0	25420310.0	ENSG00000053900
ANAPC5	B_mitotic_GO	12	121308243.0	121399896.0	ENSG00000089053
ANAPC7	B_mitotic_GO	12	110372506.0	110403740.0	ENSG00000196510
ANK3	B_mitotic_GO	10	60026298.0	60733535.0	ENSG00000151150
ANKRD53	B_mitotic_GO	2	70978380.0	70985967.0	ENSG00000144031
ANLN	B_mitotic_GO	7	36389727.0	36453791.0	ENSG00000011426
ANXA11	B_mitotic_GO	10	80150889.0	80205713.0	ENSG00000122359
APC	B_mitotic_GO,C_tumour_predisposition,D_actionable_pediatric	5	112707452.0	112846239.0	ENSG00000134982
APOB	D_actionable_pediatric	2	21001305.0	21044075.0	ENSG00000084674
ARF1	B_mitotic_GO	1	228081841.0	228099212.0	ENSG00000143761
ARG1	D_actionable_pediatric	6	131470832.0	131584332.0	ENSG00000118520
ARHGEF10	B_mitotic_GO	8	1823332.0	1958642.0	ENSG00000104728
ARHGEF2	B_mitotic_GO	1	155944685.0	156007070.0	ENSG00000116584
ARID1A	B_mitotic_GO	1	26693236.0	26782104.0	ENSG00000117713
ARID1B	B_mitotic_GO	6	156776020.0	157211460.0	ENSG00000049618
ARID2	B_mitotic_GO	12	45728910.0	45908040.0	ENSG00000189079
ARL3	B_mitotic_GO	10	102673731.0	102714527.0	ENSG00000138175
ASL	D_actionable_pediatric	7	66075800.0	66094697.0	ENSG00000126522
ASS1	D_actionable_pediatric	9	130443282.0	130502361.0	ENSG00000130707
ATM	B_mitotic_GO,C_tumour_predisposition,D_actionable_pediatric	11	108222788.0	108369102.0	ENSG00000149311
ATP7A	D_actionable_pediatric	X	77910688.0	78050395.0	ENSG00000165240
ATP7B	D_actionable_pediatric	13	51930436.0	52012198.0	ENSG00000123191
AURKB	B_mitotic_GO	17	8204335.0	8210638.0	ENSG00000178999
AURKC	B_mitotic_GO	19	57231002.0	57235552.0	ENSG00000105146
AXIN2	C_tumour_predisposition	17	65528561.0	65562067.0	ENSG00000168646
BAG3	D_actionable_pediatric	10	119650879.0	119677913.0	ENSG00000151929
BAP1	C_tumour_predisposition	3	52398585.0	52410038.0	ENSG00000163930
BARD1	C_tumour_predisposition,D_actionable_pediatric	2	214724705.0	214809726.0	ENSG00000138376
BBS4	B_mitotic_GO	15	72686181.0	72742006.0	ENSG00000140463
BCAR1	B_mitotic_GO	16	75228181.0	75268053.0	ENSG00000050820
BCCIP	B_mitotic_GO	10	125823523.0	125854471.0	ENSG00000107949
BCKDHA	D_actionable_pediatric	19	41397792.0	41425092.0	ENSG00000248098
BCKDHB	D_actionable_pediatric	6	80106626.0	80384773.0	ENSG00000083123
BCL7A	B_mitotic_GO	12	122019422.0	122062044.0	ENSG00000110987
BCL7B	B_mitotic_GO	7	73536355.0	73558017.0	ENSG00000106635
BCL7C	B_mitotic_GO	16	30818695.0	30894302.0	ENSG00000099385
BECN1	B_mitotic_GO	17	42809108.0	42833350.0	ENSG00000126581
BIN3	B_mitotic_GO	8	22610290.0	22669148.0	ENSG00000147439
BIRC5	B_mitotic_GO	17	78214186.0	78225636.0	ENSG00000089685
BMPR1A	C_tumour_predisposition,D_actionable_pediatric	10	86755751.0	86932825.0	ENSG00000107779
BOD1	B_mitotic_GO	5	173603722.0	173616694.0	ENSG00000145919
BRAF	D_actionable_pediatric	7	140719327.0	140925199.0	ENSG00000157764
BRCA1	C_tumour_predisposition,D_actionable_pediatric	17	43044292.0	43170245.0	ENSG00000012048
BRCA2	C_tumour_predisposition,D_actionable_pediatric	13	32315086.0	32400268.0	ENSG00000139618
BRD7	B_mitotic_GO	16	50313487.0	50369059.0	ENSG00000166164
BRIP1	C_tumour_predisposition,D_actionable_pediatric	17	61679139.0	61863561.0	ENSG00000136492
BTD	D_actionable_pediatric	3	15601341.0	15722522.0	ENSG00000169814
BUB1	B_mitotic_GO	2	110635468.0	110678098.0	ENSG00000169679
BUB1B	A_MVA_core,B_mitotic_GO	15	40160984.0	40221137.0	ENSG00000156970
BUB3	B_mitotic_GO	10	123154365.0	123313144.0	ENSG00000154473
C9orf78	B_mitotic_GO	9	129827194.0	129835863.0	ENSG00000136819
CABP2	D_actionable_pediatric	11	67518912.0	67524517.0	ENSG00000167791
CACNA1S	D_actionable_pediatric	1	201039512.0	201112464.0	ENSG00000081248
CALM1	D_actionable_pediatric	14	90396502.0	90408268.0	ENSG00000198668
CALM2	D_actionable_pediatric	2	47160084.0	47176921.0	ENSG00000143933
CALM3	D_actionable_pediatric	19	46601074.0	46610795.0	ENSG00000160014
CASQ2	D_actionable_pediatric	1	115697988.0	115837921.0	ENSG00000118729
CBS	D_actionable_pediatric	21	43050900.0	43076943.0	ENSG00000160200
CCDC39	D_actionable_pediatric	3	180602858.0	180684942.0	ENSG00000284862
CCDC40	D_actionable_pediatric	17	80036000.0	80100613.0	ENSG00000141519
CCDC61	B_mitotic_GO	19	45995444.0	46021318.0	ENSG00000104983
CCDC66	B_mitotic_GO	3	56557161.0	56621837.0	ENSG00000180376
CCM2	D_actionable_pediatric	7	44999475.0	45076470.0	ENSG00000136280
CCNB1	B_mitotic_GO	5	69167004.0	69178389.0	ENSG00000134057
CCNO	D_actionable_pediatric	5	55231152.0	55233649.0	ENSG00000152669
CDC16	B_mitotic_GO	13	114234856.0	114273445.0	ENSG00000130177
CDC20	B_mitotic_GO	1	43358907.0	43363212.0	ENSG00000117399
CDC23	B_mitotic_GO	5	138180663.0	138213346.0	ENSG00000094880
CDC27	B_mitotic_GO	17	47117703.0	47189422.0	ENSG00000004897
CDC6	B_mitotic_GO	17	40287831.0	40304657.0	ENSG00000094804
CDC73	C_tumour_predisposition,D_actionable_pediatric	1	193115732.0	193264613.0	ENSG00000134371
CDCA5	B_mitotic_GO	11	65066299.0	65084164.0	ENSG00000146670
CDCA8	B_mitotic_GO	1	37692473.0	37709719.0	ENSG00000134690
CDH1	C_tumour_predisposition,D_actionable_pediatric	16	68737242.0	68835543.0	ENSG00000039068
CDH23	D_actionable_pediatric	10	71396884.0	71815947.0	ENSG00000107736
CDK1	B_mitotic_GO	10	60778312.0	60796346.0	ENSG00000170312
CDK11B	B_mitotic_GO	1	1635225.0	1659267.0	ENSG00000248333
CDK4	C_tumour_predisposition,D_actionable_pediatric	12	57746043.0	57756013.0	ENSG00000135446
CDK5RAP2	B_mitotic_GO	9	120388875.0	120580178.0	ENSG00000136861
CDKN1B	C_tumour_predisposition,D_actionable_pediatric	12	12685498.0	12722373.0	ENSG00000111276
CDKN2A	B_mitotic_GO,C_tumour_predisposition,D_actionable_pediatric	9	21966924.0	21995301.0	ENSG00000147889
CDT1	B_mitotic_GO	16	88803777.0	88809258.0	ENSG00000167513
CEBPA	C_tumour_predisposition	19	33299934.0	33302534.0	ENSG00000245848
CECR2	B_mitotic_GO	22	17359949.0	17558151.0	ENSG00000099954
CENATAC	A_MVA_core	11	118998051.0	119015811.0	ENSG00000186166
CENPA	B_mitotic_GO	2	26764289.0	26801067.0	ENSG00000115163
CENPC	B_mitotic_GO	4	67468762.0	67545565.0	ENSG00000145241
CENPE	B_mitotic_GO	4	103105349.0	103198463.0	ENSG00000138778
CENPF	B_mitotic_GO	1	214603172.0	214664574.0	ENSG00000117724
CENPI	B_mitotic_GO	X	101098150.0	101166126.0	ENSG00000102384
CEP192	B_mitotic_GO	18	12991283.0	13125053.0	ENSG00000101639
CEP55	B_mitotic_GO	10	93496577.0	93529096.0	ENSG00000138180
CEP57	A_MVA_core	11	95789965.0	95837070.0	ENSG00000166037
CFAP300	D_actionable_pediatric	11	102047402.0	102085137.0	ENSG00000137691
CFL1	B_mitotic_GO	11	65823022.0	65862026.0	ENSG00000172757
CHAMP1	B_mitotic_GO	13	114314482.0	114337626.0	ENSG00000198824
CHEK2	B_mitotic_GO,C_tumour_predisposition,D_actionable_pediatric	22	28687738.0	28742422.0	ENSG00000183765
CHFR	B_mitotic_GO	12	132822187.0	132956304.0	ENSG00000072609
CHMP1A	B_mitotic_GO	16	89640816.0	89657738.0	ENSG00000131165
CHMP1B	B_mitotic_GO	18	11851413.0	11854444.0	ENSG00000255112
CHMP2A	B_mitotic_GO	19	58551452.0	58555129.0	ENSG00000130724
CHMP2B	B_mitotic_GO	3	87227258.0	87259944.0	ENSG00000083937
CHMP3	B_mitotic_GO	2	86502688.0	86563507.0	ENSG00000115561
CHMP4A	B_mitotic_GO	14	24209581.0	24213830.0	ENSG00000254505
CHMP4B	B_mitotic_GO	20	33811253.0	33854366.0	ENSG00000101421
CHMP4BP1	B_mitotic_GO	14	55271378.0	55299503.0	ENSG00000258469
CHMP4C	B_mitotic_GO	8	81732448.0	81759515.0	ENSG00000164695
CHMP5	B_mitotic_GO	9	33264017.0	33282071.0	ENSG00000086065
CHMP6	B_mitotic_GO	17	80991598.0	81031356.0	ENSG00000176108
CHMP7	B_mitotic_GO	8	23243630.0	23266156.0	ENSG00000147457
CHTF8	B_mitotic_GO	16	69118009.0	69132849.0	ENSG00000168802
CIB2	D_actionable_pediatric	15	78102300.0	78131565.0	ENSG00000136425
CIT	B_mitotic_GO	12	119685108.0	119877338.0	ENSG00000122966
CKAP2	B_mitotic_GO	13	52455429.0	52476640.0	ENSG00000136108
CLASP1	B_mitotic_GO	2	121337776.0	121649599.0	ENSG00000074054
CLASP2	B_mitotic_GO	3	33496187.0	33718414.0	ENSG00000163539
CLDN14	D_actionable_pediatric	21	36460616.0	36576569.0	ENSG00000159261
CLTC	B_mitotic_GO	17	59619606.0	59696956.0	ENSG00000141367
CNTROB	B_mitotic_GO	17	7932101.0	7949953.0	ENSG00000170037
COL3A1	D_actionable_pediatric	2	188974371.0	189012746.0	ENSG00000168542
COL4A3	D_actionable_pediatric	2	227164509.0	227314792.0	ENSG00000169031
COL4A4	D_actionable_pediatric	2	227002713.0	227164559.0	ENSG00000081052
COL4A5	D_actionable_pediatric	X	108439717.0	108697766.0	ENSG00000188153
COL5A1	D_actionable_pediatric	9	134641724.0	134844843.0	ENSG00000130635
COL5A2	D_actionable_pediatric	2	189030743.0	189225312.0	ENSG00000204262
CP	D_actionable_pediatric	3	149162410.0	149222049.0	ENSG00000047457
CPAP	B_mitotic_GO	13	24882276.0	24922889.0	ENSG00000151849
CPS1	D_actionable_pediatric	2	210477641.0	210679109.0	ENSG00000021826
CPT2	D_actionable_pediatric	1	53196770.0	53214197.0	ENSG00000157184
CSNK2A1	B_mitotic_GO	20	472498.0	543835.0	ENSG00000101266
CSNK2A2	B_mitotic_GO	16	58157907.0	58198191.0	ENSG00000070770
CTNNA1	C_tumour_predisposition	5	138610967.0	138935039.0	ENSG00000044115
CTNS	D_actionable_pediatric	17	3636446.0	3663103.0	ENSG00000040531
CUL3	B_mitotic_GO	2	224470150.0	224585525.0	ENSG00000036257
CUL7	B_mitotic_GO	6	43037617.0	43053943.0	ENSG00000044090
CYP27A1	D_actionable_pediatric	2	218781688.0	218825335.0	ENSG00000135929
DBT	D_actionable_pediatric	1	100182222.0	100249873.0	ENSG00000137992
DCT	B_mitotic_GO	13	94436811.0	94479682.0	ENSG00000080166
DCTN2	B_mitotic_GO	12	57529567.0	57547256.0	ENSG00000175203
DCTN3	B_mitotic_GO	9	34613545.0	34620529.0	ENSG00000137100
DDX11	B_mitotic_GO	12	31073282.0	31104811.0	ENSG00000013573
DDX11L8	B_mitotic_GO	12	12310.0	13501.0	ENSG00000256263
DDX12P	B_mitotic_GO	12	9418670.0	9448229.0	ENSG00000214826
DES	D_actionable_pediatric	2	219417474.0	219426740.0	ENSG00000175084
DHCR7	D_actionable_pediatric	11	71428193.0	71452868.0	ENSG00000172893
DICER1	C_tumour_predisposition,D_actionable_pediatric	14	95086228.0	95158010.0	ENSG00000100697
DIS3L2	B_mitotic_GO	2	231961245.0	232344350.0	ENSG00000144535
DIXDC1	B_mitotic_GO	11	111927144.0	112023091.0	ENSG00000150764
DLGAP5	B_mitotic_GO	14	55132272.0	55191627.0	ENSG00000126787
DMD	D_actionable_pediatric	X	31097677.0	33339609.0	ENSG00000198947
DNAAF19	D_actionable_pediatric	17	44889234.0	44905390.0	ENSG00000167131
DNAAF3	D_actionable_pediatric	19	55158661.0	55166722.0	ENSG00000167646
DNAH11	D_actionable_pediatric	7	21543014.0	21902262.0	ENSG00000105877
DNAH5	D_actionable_pediatric	5	13690328.0	14011818.0	ENSG00000039139
DNAI1	D_actionable_pediatric	9	34457414.0	34520988.0	ENSG00000122735
DNAI2	D_actionable_pediatric	17	74274230.0	74314886.0	ENSG00000171595
DOCK7	B_mitotic_GO	1	62454298.0	62688549.0	ENSG00000116641
DPF1	B_mitotic_GO	19	38211006.0	38229729.0	ENSG00000011332
DPF2	B_mitotic_GO	11	65333792.0	65354262.0	ENSG00000133884
DPF3	B_mitotic_GO	14	72609034.0	72894117.0	ENSG00000205683
DPPA3	B_mitotic_GO	12	7711398.0	7717561.0	ENSG00000187569
DSC2	D_actionable_pediatric	18	31058545.0	31102600.0	ENSG00000134755
DSCC1	B_mitotic_GO	8	119833944.0	119856022.0	ENSG00000136982
DSG2	D_actionable_pediatric	18	31497624.0	31551351.0	ENSG00000046604
DSN1	B_mitotic_GO	20	36751791.0	36774298.0	ENSG00000149636
DSP	D_actionable_pediatric	6	7541320.0	7586717.0	ENSG00000096696
DUSP1	B_mitotic_GO	5	172766992.0	172771198.0	ENSG00000120129
DYNC1H1	B_mitotic_GO	14	101964519.0	102056443.0	ENSG00000197102
DYNC1I1	B_mitotic_GO	7	95772459.0	96110915.0	ENSG00000158560
DYNC1I2	B_mitotic_GO	2	171687409.0	171750179.0	ENSG00000077380
DYNC1LI1	B_mitotic_GO	3	32525974.0	32570949.0	ENSG00000144635
DYNLL1	B_mitotic_GO	12	120468451.0	120498913.0	ENSG00000088986
DYNLL2	B_mitotic_GO	17	58082825.0	58095542.0	ENSG00000264364
DYNLRB1	B_mitotic_GO	20	34515600.0	34540958.0	ENSG00000125971
DYNLRB2	B_mitotic_GO	16	80540734.0	80550813.0	ENSG00000168589
DYNLT1	B_mitotic_GO	6	158612721.0	158644771.0	ENSG00000146425
DYNLT3	B_mitotic_GO	X	37836611.0	37847593.0	ENSG00000165169
ECT2	B_mitotic_GO	3	172750682.0	172821474.0	ENSG00000114346
EFHC1	B_mitotic_GO	6	52362123.0	52529886.0	ENSG00000096093
EGFR	C_tumour_predisposition	7	55018820.0	55211628.0	ENSG00000146648
EGR2	D_actionable_pediatric	10	62811996.0	62819167.0	ENSG00000122877
EML3	B_mitotic_GO	11	62602216.0	62612978.0	ENSG00000149499
EML4	B_mitotic_GO	2	42169312.0	42332548.0	ENSG00000143924
ENG	D_actionable_pediatric	9	127811130.0	127855232.0	ENSG00000106991
EPCAM	D_actionable_pediatric	2	47345158.0	47387601.0	ENSG00000119888
ESCO1	B_mitotic_GO	18	21529041.0	21600966.0	ENSG00000141446
ESCO2	B_mitotic_GO	8	27771949.0	27812640.0	ENSG00000171320
ESPL1	B_mitotic_GO	12	53268248.0	53293643.0	ENSG00000135476
ESPN	D_actionable_pediatric	1	6424770.0	6461367.0	ENSG00000187017
ESRRB	B_mitotic_GO,D_actionable_pediatric	14	76310712.0	76501837.0	ENSG00000119715
EXOC1	B_mitotic_GO	4	55853628.0	55905165.0	ENSG00000090989
EXOC2	B_mitotic_GO	6	485133.0	693170.0	ENSG00000112685
EXOC3	B_mitotic_GO	5	442522.0	471939.0	ENSG00000180104
EXOC4	B_mitotic_GO	7	133253054.0	134067137.0	ENSG00000131558
EXOC5	B_mitotic_GO	14	57200507.0	57268974.0	ENSG00000070367
EXOC6	B_mitotic_GO	10	92826831.0	93059493.0	ENSG00000138190
EXOC6B	B_mitotic_GO	2	72170079.0	72826055.0	ENSG00000144036
EXOC7	B_mitotic_GO	17	76080995.0	76121576.0	ENSG00000182473
EXOC8	B_mitotic_GO	1	231332753.0	231337852.0	ENSG00000116903
F5	D_actionable_pediatric	1	169511951.0	169586699.0	ENSG00000198734
F7	D_actionable_pediatric	13	113105762.0	113120685.0	ENSG00000057593
FANCA	D_actionable_pediatric	16	89726683.0	89816977.0	ENSG00000187741
FANCC	D_actionable_pediatric	9	95099054.0	95426796.0	ENSG00000158169
FANCG	D_actionable_pediatric	9	35073793.0	35082444.0	ENSG00000221829
FBN1	D_actionable_pediatric	15	48408016.0	48645791.0	ENSG00000166147
FBXO5	B_mitotic_GO	6	152970519.0	152983599.0	ENSG00000112029
FBXW7	B_mitotic_GO	4	152320544.0	152536353.0	ENSG00000109670
FGF13	B_mitotic_GO	X	138614727.0	139222777.0	ENSG00000129682
FGF23	D_actionable_pediatric	12	4368227.0	4379713.0	ENSG00000118972
FGFR2	B_mitotic_GO	10	121478331.0	121598770.0	ENSG00000066468
FGFR3	D_actionable_pediatric	4	1793286.0	1808873.0	ENSG00000068078
FH	C_tumour_predisposition,D_actionable_pediatric	1	241497098.0	241519799.0	ENSG00000091483
FLCN	D_actionable_pediatric	17	17212200.0	17237326.0	ENSG00000154803
FLNA	B_mitotic_GO	X	154348524.0	154374643.0	ENSG00000196924
FLNC	D_actionable_pediatric	7	128830292.0	128859275.0	ENSG00000128591
FMN2	B_mitotic_GO	1	240014348.0	240475190.0	ENSG00000155816
FOLR1	D_actionable_pediatric	11	72189529.0	72199329.0	ENSG00000110195
FOXJ1	D_actionable_pediatric	17	76136333.0	76141256.0	ENSG00000129654
FUT9	B_mitotic_GO	6	96015436.0	96215612.0	ENSG00000172461
G6PD	D_actionable_pediatric	X	154517825.0	154547584.0	ENSG00000160211
GAA	D_actionable_pediatric	17	80101526.0	80119881.0	ENSG00000171298
GALNS	D_actionable_pediatric	16	88813733.0	88857832.0	ENSG00000141012
GALNT3	C_tumour_predisposition	2	165747339.0	165846201.0	ENSG00000115339
GAMT	D_actionable_pediatric	19	1397026.0	1401731.0	ENSG00000130005
GATM	D_actionable_pediatric	15	45333479.0	45402327.0	ENSG00000171766
GBA1	D_actionable_pediatric	1	155231270.0	155245178.0	ENSG00000177628
GCH1	D_actionable_pediatric	14	54841961.0	54903280.0	ENSG00000131979
GEN1	B_mitotic_GO	2	17753278.0	17788946.0	ENSG00000178295
GIPC3	D_actionable_pediatric	19	3585474.0	3593541.0	ENSG00000179855
GJB2	D_actionable_pediatric	13	20187463.0	20192980.0	ENSG00000165474
GLA	D_actionable_pediatric	X	101393273.0	101408012.0	ENSG00000102393
GLDC	D_actionable_pediatric	9	6532464.0	6645734.0	ENSG00000178445
GNAI1	B_mitotic_GO	7	79768028.0	80226181.0	ENSG00000127955
GNAI2	B_mitotic_GO	3	50226292.0	50259362.0	ENSG00000114353
GNAI3	B_mitotic_GO	1	109548582.0	109600195.0	ENSG00000065135
GNL3	B_mitotic_GO	3	52681156.0	52696160.0	ENSG00000163938
GOLGA2	B_mitotic_GO	9	128255829.0	128276036.0	ENSG00000167110
GPR161	C_tumour_predisposition	1	168079542.0	168137685.0	ENSG00000143147
GPSM1	B_mitotic_GO	9	136327425.0	136359608.0	ENSG00000160360
GPSM2	B_mitotic_GO	1	108875350.0	108934545.0	ENSG00000121957
GREM1	C_tumour_predisposition,D_actionable_pediatric	15	32716998.0	32745106.0	ENSG00000166923
GRXCR1	D_actionable_pediatric	4	42892713.0	43030658.0	ENSG00000215203
GTF2B	B_mitotic_GO	1	88808326.0	88891944.0	ENSG00000137947
H2BW1	B_mitotic_GO	X	104011147.0	104013708.0	ENSG00000123569
H3-3A	B_mitotic_GO	1	226061571.0	226073207.0	ENSG00000163041
H3-4	B_mitotic_GO	1	228424845.0	228425360.0	ENSG00000168148
H3-5	B_mitotic_GO	12	31791185.0	31792298.0	ENSG00000188375
H3-7	B_mitotic_GO	1	143894544.0	143905977.0	ENSG00000273213
H3Y1	B_mitotic_GO	5	17654868.0	17655849.0	ENSG00000269466
H3Y2	B_mitotic_GO	5	17490967.0	17492076.0	ENSG00000268799
HADHA	D_actionable_pediatric	2	26189833.0	26245044.0	ENSG00000084754
HADHB	D_actionable_pediatric	2	26243170.0	26290473.0	ENSG00000138029
HASPIN	B_mitotic_GO	17	3723903.0	3726699.0	ENSG00000177602
HAVCR2	C_tumour_predisposition	5	157085422.0	157142869.0	ENSG00000135077
HBB	D_actionable_pediatric	11	5225464.0	5229395.0	ENSG00000244734
HDAC8	B_mitotic_GO	X	72329516.0	72573101.0	ENSG00000147099
HECW2	B_mitotic_GO	2	196189099.0	196593684.0	ENSG00000138411
HFE	D_actionable_pediatric	6	26087226.0	26098343.0	ENSG00000010704
HMBS	D_actionable_pediatric	11	119084861.0	119093920.0	ENSG00000256269
HNF1A	D_actionable_pediatric	12	120978543.0	121002512.0	ENSG00000135100
HNF1B	D_actionable_pediatric	17	37686431.0	37745095.0	ENSG00000275410
HNF4A	D_actionable_pediatric	20	44355439.0	44432845.0	ENSG00000101076
HNRNPU	B_mitotic_GO	1	244840638.0	244864574.0	ENSG00000153187
HORMAD1	B_mitotic_GO	1	150698059.0	150720895.0	ENSG00000143452
HORMAD2	B_mitotic_GO	22	30080444.0	30211427.0	ENSG00000176635
HYDIN	D_actionable_pediatric	16	70802084.0	71230735.0	ENSG00000157423
IDS	D_actionable_pediatric	X	149476988.0	149521096.0	ENSG00000010404
IDUA	D_actionable_pediatric	4	986997.0	1008344.0	ENSG00000127415
IER3IP1	B_mitotic_GO	18	47152834.0	47176381.0	ENSG00000134049
IHO1	B_mitotic_GO	3	49198428.0	49277629.0	ENSG00000173421
IK	B_mitotic_GO	5	140647058.0	140662480.0	ENSG00000113141
ILDR1	D_actionable_pediatric	3	121987322.0	122022282.0	ENSG00000145103
INCENP	B_mitotic_GO	11	62123985.0	62155474.0	ENSG00000149503
ING2	B_mitotic_GO	4	183504754.0	183516111.0	ENSG00000168556
INO80	B_mitotic_GO	15	40978880.0	41116568.0	ENSG00000128908
INSC	B_mitotic_GO	11	15112424.0	15247208.0	ENSG00000188487
IQGAP1	B_mitotic_GO	15	90388207.0	90502239.0	ENSG00000140575
IQGAP2	B_mitotic_GO	5	76402933.0	76708132.0	ENSG00000145703
IQGAP3	B_mitotic_GO	1	156525405.0	156572604.0	ENSG00000183856
IST1	B_mitotic_GO	16	71845970.0	71931199.0	ENSG00000182149
ITGA2B	D_actionable_pediatric	17	44372177.0	44389649.0	ENSG00000005961
ITGB3	D_actionable_pediatric	17	47253649.0	47323218.0	ENSG00000259207
IVD	D_actionable_pediatric	15	40405485.0	40435956.0	ENSG00000128928
JTB	B_mitotic_GO	1	153974269.0	153978011.0	ENSG00000143543
JUP	D_actionable_pediatric	17	41750887.0	41797798.0	ENSG00000173801
KANSL1	B_mitotic_GO	17	46029916.0	46225389.0	ENSG00000120071
KANSL3	B_mitotic_GO	2	96584179.0	96642787.0	ENSG00000114982
KAT2B	B_mitotic_GO	3	20040055.0	20154405.0	ENSG00000114166
KAT5	B_mitotic_GO	11	65711992.0	65719604.0	ENSG00000172977
KATNB1	B_mitotic_GO	16	57735669.0	57758271.0	ENSG00000140854
KCNH2	D_actionable_pediatric	7	150944064.0	150978394.0	ENSG00000055118
KCNQ1	D_actionable_pediatric	11	2444654.0	2849105.0	ENSG00000053918
KIF11	B_mitotic_GO	10	92574105.0	92655395.0	ENSG00000138160
KIF14	B_mitotic_GO	1	200551497.0	200620776.0	ENSG00000118193
KIF15	B_mitotic_GO	3	44761700.0	44873376.0	ENSG00000163808
KIF18A	B_mitotic_GO	11	28020618.0	28108186.0	ENSG00000121621
KIF18B	B_mitotic_GO	17	44924707.0	44947781.0	ENSG00000186185
KIF20A	B_mitotic_GO	5	138178715.0	138188171.0	ENSG00000112984
KIF22	B_mitotic_GO	16	29790137.0	29805388.0	ENSG00000079616
KIF23	B_mitotic_GO	15	69414246.0	69448427.0	ENSG00000137807
KIF25	B_mitotic_GO	6	167996241.0	168045109.0	ENSG00000125337
KIF2A	B_mitotic_GO	5	62305974.0	62391025.0	ENSG00000068796
KIF2B	B_mitotic_GO	17	53822927.0	53825193.0	ENSG00000141200
KIF2C	B_mitotic_GO	1	44739810.0	44767767.0	ENSG00000142945
KIF3B	B_mitotic_GO	20	32277627.0	32335011.0	ENSG00000101350
KIF4A	B_mitotic_GO	X	70290021.0	70420924.0	ENSG00000090889
KIF4B	B_mitotic_GO	5	155013755.0	155018141.0	ENSG00000226650
KIFC1	B_mitotic_GO	6	33391429.0	33410441.0	ENSG00000237649
KIT	C_tumour_predisposition,D_actionable_pediatric	4	54657267.0	54740783.0	ENSG00000157404
KLHDC8B	B_mitotic_GO	3	49171239.0	49176487.0	ENSG00000185909
KLHL22	B_mitotic_GO	22	20441519.0	20496893.0	ENSG00000099910
KMT5A	B_mitotic_GO	12	123384087.0	123409353.0	ENSG00000183955
KNL1	B_mitotic_GO	15	40594002.0	40664342.0	ENSG00000137812
KNSTRN	B_mitotic_GO	15	40382721.0	40395659.0	ENSG00000128944
KNTC1	B_mitotic_GO	12	122527246.0	122628182.0	ENSG00000184445
KPNB1	B_mitotic_GO	17	47649476.0	47685505.0	ENSG00000108424
KRAS	D_actionable_pediatric	12	25205246.0	25326473.0	ENSG00000133703
KRIT1	D_actionable_pediatric	7	92197498.0	92246166.0	ENSG00000001631
LAMP2	D_actionable_pediatric	X	120426148.0	120469365.0	ENSG00000005893
LCMT1	B_mitotic_GO	16	25111704.0	25178232.0	ENSG00000205629
LDLR	D_actionable_pediatric	19	11089418.0	11133830.0	ENSG00000130164
LHFPL5	D_actionable_pediatric	6	35797206.0	35845397.0	ENSG00000197753
LIF	B_mitotic_GO	22	30240453.0	30246804.0	ENSG00000128342
LITAF	D_actionable_pediatric	16	11546224.0	11640269.0	ENSG00000189067
LMNA	D_actionable_pediatric	1	156082572.0	156140085.0	ENSG00000160789
LOX	D_actionable_pediatric	5	122063151.0	122078634.0	ENSG00000113083
LPIN1	D_actionable_pediatric	2	11677539.0	11828185.0	ENSG00000134324
LRRK2	D_actionable_pediatric	12	40196744.0	40369285.0	ENSG00000188906
LRTOMT	D_actionable_pediatric	11	72080331.0	72110782.0	ENSG00000284922
LSM14A	B_mitotic_GO	19	34172413.0	34229513.0	ENSG00000257103
LUZP1	B_mitotic_GO	1	23084030.0	23178152.0	ENSG00000169641
LZTS2	B_mitotic_GO	10	100996539.0	101007852.0	ENSG00000107816
MAD1L1	B_mitotic_GO	7	1815787.0	2233243.0	ENSG00000002822
MAD2L1	B_mitotic_GO	4	120055623.0	120067192.0	ENSG00000164109
MAD2L1BP	B_mitotic_GO	6	43629494.0	43640960.0	ENSG00000124688
MAD2L2	B_mitotic_GO	1	11657230.0	11692605.0	ENSG00000116670
MAGEA5P	B_mitotic_GO	X	152114599.0	152115540.0	ENSG00000242520
MAGT1	C_tumour_predisposition	X	77825747.0	77899271.0	ENSG00000102158
MAP10	B_mitotic_GO	1	232805416.0	232809929.0	ENSG00000212916
MAP3K20	B_mitotic_GO	2	173057181.0	173268909.0	ENSG00000091436
MAP4	B_mitotic_GO	3	47850678.0	48089299.0	ENSG00000047849
MAP9	B_mitotic_GO	4	155342658.0	155376970.0	ENSG00000164114
MAPK15	B_mitotic_GO	8	143716279.0	143722458.0	ENSG00000181085
MAPRE1	B_mitotic_GO	20	32819769.0	32856294.0	ENSG00000101367
MARVELD2	D_actionable_pediatric	5	69415065.0	69444330.0	ENSG00000152939
MAU2	B_mitotic_GO	19	19320811.0	19358754.0	ENSG00000129933
MBD4	C_tumour_predisposition	3	129430282.0	129440543.0	ENSG00000129071
MCEE	D_actionable_pediatric	2	71108926.0	71130279.0	ENSG00000124370
MCIDAS	D_actionable_pediatric	5	55218790.0	55227315.0	ENSG00000234602
MCMBP	B_mitotic_GO	10	119827779.0	119892556.0	ENSG00000197771
MEIKIN	B_mitotic_GO	5	131806990.0	131945698.0	ENSG00000239642
MEN1	C_tumour_predisposition,D_actionable_pediatric	11	64803500.0	64811294.0	ENSG00000133895
MET	C_tumour_predisposition,D_actionable_pediatric	7	116672051.0	116798391.0	ENSG00000105976
MIS12	B_mitotic_GO	17	5486285.0	5492080.0	ENSG00000167842
MISP	B_mitotic_GO	19	748404.0	764363.0	ENSG00000099812
MITD1	B_mitotic_GO	2	99161427.0	99181352.0	ENSG00000158411
MLH1	C_tumour_predisposition,D_actionable_pediatric	3	36992834.0	37051505.0	ENSG00000076242
MMAA	D_actionable_pediatric	4	145599042.0	145660033.0	ENSG00000151611
MMAB	D_actionable_pediatric	12	109553715.0	109573580.0	ENSG00000139428
MMADHC	D_actionable_pediatric	2	149564526.0	149587812.0	ENSG00000168288
MMUT	D_actionable_pediatric	6	49430360.0	49463321.0	ENSG00000146085
MOS	B_mitotic_GO	8	56112942.0	56113982.0	ENSG00000172680
MPZ	D_actionable_pediatric	1	161304735.0	161309974.0	ENSG00000158887
MRE11	B_mitotic_GO	11	94415570.0	94512676.0	ENSG00000020922
MSH2	C_tumour_predisposition,D_actionable_pediatric	2	47403067.0	47663146.0	ENSG00000095002
MSH3	C_tumour_predisposition	5	80654613.0	80880295.0	ENSG00000113318
MSH6	C_tumour_predisposition,D_actionable_pediatric	2	47695530.0	47810109.0	ENSG00000116062
MTMR3	B_mitotic_GO	22	29883141.0	30030868.0	ENSG00000100330
MTMR4	B_mitotic_GO	17	58489529.0	58517905.0	ENSG00000108389
MUTYH	C_tumour_predisposition,D_actionable_pediatric	1	45329163.0	45340893.0	ENSG00000132781
MYH10	B_mitotic_GO	17	8474205.0	8632303.0	ENSG00000133026
MYH11	D_actionable_pediatric	16	15703135.0	15858438.0	ENSG00000133392
MYH14	B_mitotic_GO	19	50188181.0	50310545.0	ENSG00000105357
MYH7	D_actionable_pediatric	14	23412732.0	23436137.0	ENSG00000092054
MYH9	B_mitotic_GO	22	36281277.0	36388018.0	ENSG00000100345
MYO15A	D_actionable_pediatric	17	18108756.0	18179802.0	ENSG00000091536
MYO3A	D_actionable_pediatric	10	25934198.0	26212533.0	ENSG00000095777
MYO6	D_actionable_pediatric	6	75748788.0	75919537.0	ENSG00000196586
MZT1	B_mitotic_GO	13	72708357.0	72727829.0	ENSG00000204899
NAA50	B_mitotic_GO	3	113716458.0	113746786.0	ENSG00000121579
NAGS	D_actionable_pediatric	17	44004581.0	44011213.0	ENSG00000161653
NCAPD2	B_mitotic_GO	12	6493356.0	6531970.0	ENSG00000010292
NCAPD3	B_mitotic_GO	11	134149039.0	134225504.0	ENSG00000151503
NCAPG	B_mitotic_GO	4	17810844.0	17848064.0	ENSG00000109805
NCAPG2	B_mitotic_GO	7	158625611.0	158704865.0	ENSG00000146918
NCAPH	B_mitotic_GO	2	96335728.0	96377091.0	ENSG00000121152
NCAPH2	B_mitotic_GO	22	50508127.0	50524781.0	ENSG00000025770
NDC80	B_mitotic_GO	18	2571520.0	2616635.0	ENSG00000080986
NEFL	D_actionable_pediatric	8	24950955.0	24956721.0	ENSG00000277586
NEK6	B_mitotic_GO	9	124257606.0	124412783.0	ENSG00000119408
NF2	D_actionable_pediatric	22	29603520.0	29698598.0	ENSG00000186575
NIPBL	B_mitotic_GO	5	36876716.0	37066422.0	ENSG00000164190
NOTCH3	D_actionable_pediatric	19	15159038.0	15201004.0	ENSG00000074181
NOX5	B_mitotic_GO	15	69014690.0	69062762.0	ENSG00000255346
NR5A2	B_mitotic_GO	1	200027575.0	200177420.0	ENSG00000116833
NRAS	D_actionable_pediatric	1	114704468.0	114716775.0	ENSG00000213281
NSL1	B_mitotic_GO	1	212726153.0	212791799.0	ENSG00000117697
NSMCE2	B_mitotic_GO	8	125091673.0	125368070.0	ENSG00000156831
NTHL1	C_tumour_predisposition	16	2039814.0	2047866.0	ENSG00000065057
NUDC	B_mitotic_GO	1	26900238.0	26946886.0	ENSG00000090273
NUF2	B_mitotic_GO	1	163266576.0	163355766.0	ENSG00000143228
NUMA1	B_mitotic_GO	11	72002860.0	72080693.0	ENSG00000137497
NUMB	B_mitotic_GO	14	73274146.0	73466167.0	ENSG00000133961
NUMBL	B_mitotic_GO	19	40665905.0	40690972.0	ENSG00000105245
NUP62	B_mitotic_GO	19	49906825.0	49929926.0	ENSG00000213024
NUSAP1	B_mitotic_GO	15	41320794.0	41381367.0	ENSG00000137804
OAT	D_actionable_pediatric	10	124397298.0	124419760.0	ENSG00000065154
ODAD1	D_actionable_pediatric	19	48296355.0	48321971.0	ENSG00000105479
ODAD2	D_actionable_pediatric	10	27775186.0	27999532.0	ENSG00000169126
ODAD4	D_actionable_pediatric	17	41930599.0	41966503.0	ENSG00000204815
OFD1	B_mitotic_GO	X	13734667.0	13777955.0	ENSG00000046651
ORC4	B_mitotic_GO	2	147930396.0	148021784.0	ENSG00000115947
OTC	D_actionable_pediatric	X	38327598.0	38424632.0	ENSG00000036473
OTOA	D_actionable_pediatric	16	21663968.0	21761935.0	ENSG00000155719
OTOG	D_actionable_pediatric	11	17547259.0	17647150.0	ENSG00000188162
OTOGL	D_actionable_pediatric	12	80099537.0	80380880.0	ENSG00000165899
PADI6	B_mitotic_GO	1	17372196.0	17401699.0	ENSG00000276747
PAFAH1B1	B_mitotic_GO	17	2593183.0	2685627.0	ENSG00000007168
PAH	D_actionable_pediatric	12	102836889.0	102958410.0	ENSG00000171759
PALB2	C_tumour_predisposition,D_actionable_pediatric	16	23603158.0	23641342.0	ENSG00000083093
PAM	B_mitotic_GO	5	102753981.0	103031149.0	ENSG00000145730
PARD3	B_mitotic_GO	10	34109560.0	34815424.0	ENSG00000148498
PARK7	D_actionable_pediatric	1	7952654.0	7985991.0	ENSG00000116288
PAX5	C_tumour_predisposition	9	36833269.0	37034268.0	ENSG00000196092
PBRM1	B_mitotic_GO	3	52544271.0	52685979.0	ENSG00000163939
PCSK9	D_actionable_pediatric	1	55039445.0	55064852.0	ENSG00000169174
PDCD10	D_actionable_pediatric	3	167677517.0	167735039.0	ENSG00000114209
PDCD6IP	B_mitotic_GO	3	33798318.0	33869707.0	ENSG00000170248
PDGFRA	C_tumour_predisposition,D_actionable_pediatric	4	54229130.0	54298246.0	ENSG00000134853
PDS5A	B_mitotic_GO	4	39822863.0	39977993.0	ENSG00000121892
PDS5B	B_mitotic_GO	13	32586315.0	32778320.0	ENSG00000083642
PDZD7	D_actionable_pediatric	10	101007679.0	101032295.0	ENSG00000186862
PHB2	B_mitotic_GO	12	6965327.0	6970841.0	ENSG00000215021
PHEX	D_actionable_pediatric	X	22032293.0	22494713.0	ENSG00000102174
PHF10	B_mitotic_GO	6	169703902.0	169725566.0	ENSG00000130024
PHF13	B_mitotic_GO	1	6613723.0	6624030.0	ENSG00000116273
PHYH	D_actionable_pediatric	10	13276854.0	13302412.0	ENSG00000107537
PIBF1	B_mitotic_GO	13	72781641.0	73018645.0	ENSG00000083535
PIK3R1	D_actionable_pediatric	5	68215740.0	68301821.0	ENSG00000145675
PINK1	D_actionable_pediatric	1	20633436.0	20652231.0	ENSG00000158828
PINX1	B_mitotic_GO	8	10725399.0	10839847.0	ENSG00000258724
PJVK	D_actionable_pediatric	2	178451346.0	178462408.0	ENSG00000204311
PKP2	D_actionable_pediatric	12	32790745.0	32896819.0	ENSG00000057294
PLEC	B_mitotic_GO	8	143915152.0	143977039.0	ENSG00000178209
PLK1	B_mitotic_GO	16	23677656.0	23690372.0	ENSG00000166851
PLN	D_actionable_pediatric	6	118506292.0	118562853.0	ENSG00000198523
PLSCR1	B_mitotic_GO	3	146511858.0	146544862.0	ENSG00000188313
PMP22	D_actionable_pediatric	17	15176316.0	15272292.0	ENSG00000109099
PMS2	C_tumour_predisposition,D_actionable_pediatric	7	5970925.0	6009130.0	ENSG00000122512
POFUT3	B_mitotic_GO	8	33369346.0	33473210.0	ENSG00000172728
POGZ	B_mitotic_GO	1	151402724.0	151459511.0	ENSG00000143442
POLD1	C_tumour_predisposition	19	50384204.0	50418018.0	ENSG00000062822
POLE	C_tumour_predisposition	12	132623753.0	132687376.0	ENSG00000177084
POT1	C_tumour_predisposition	7	124822386.0	124929983.0	ENSG00000128513
POU3F4	D_actionable_pediatric	X	83508290.0	83512127.0	ENSG00000196767
PPP1CB	D_actionable_pediatric	2	28751079.0	28802964.0	ENSG00000213639
PPP1CC	B_mitotic_GO	12	110708366.0	110742939.0	ENSG00000186298
PPP2R1A	B_mitotic_GO	19	52170936.0	52229518.0	ENSG00000105568
PPP2R1B	B_mitotic_GO	11	111726908.0	111766713.0	ENSG00000137713
PPP2R2A	B_mitotic_GO	8	26291507.0	26372692.0	ENSG00000221914
PPP2R2D	B_mitotic_GO	10	131900721.0	132012791.0	ENSG00000175470
PPP2R5C	B_mitotic_GO	14	101761639.0	101928953.0	ENSG00000078304
PPP2R5D	B_mitotic_GO	6	42984533.0	43012346.0	ENSG00000112640
PRAP1	B_mitotic_GO	10	133347147.0	133354013.0	ENSG00000165828
PRC1	B_mitotic_GO	15	90966038.0	90995629.0	ENSG00000198901
PRICKLE1	B_mitotic_GO	12	42456753.0	42590355.0	ENSG00000139174
PRKAR1A	D_actionable_pediatric	17	68511740.0	68551319.0	ENSG00000108946
PRKG1	D_actionable_pediatric	10	50990888.0	52298423.0	ENSG00000185532
PRKN	D_actionable_pediatric	6	161347417.0	162727775.0	ENSG00000185345
PRP4K	B_mitotic_GO	6	4021199.0	4064983.0	ENSG00000112739
PSRC1	B_mitotic_GO	1	109279053.0	109284107.0	ENSG00000134222
PTCH1	C_tumour_predisposition,D_actionable_pediatric	9	95442980.0	95517057.0	ENSG00000185920
PTEN	C_tumour_predisposition,D_actionable_pediatric	10	87862638.0	87971930.0	ENSG00000171862
PTPN11	D_actionable_pediatric	12	112418351.0	112509918.0	ENSG00000179295
PTPRQ	D_actionable_pediatric	12	80402178.0	80680273.0	ENSG00000139304
PTTG1	B_mitotic_GO	5	160421801.0	160428748.0	ENSG00000164611
PUM1	B_mitotic_GO	1	30931505.0	31065991.0	ENSG00000134644
PUM2	B_mitotic_GO	2	20248692.0	20352234.0	ENSG00000055917
RAB10	B_mitotic_GO	2	26033481.0	26138575.0	ENSG00000084733
RAB11A	B_mitotic_GO	15	65726054.0	65894232.0	ENSG00000103769
RAB35	B_mitotic_GO	12	120094328.0	120117502.0	ENSG00000111737
RACGAP1	B_mitotic_GO	12	49976923.0	50033136.0	ENSG00000161800
RAD18	B_mitotic_GO	3	8775402.0	8963773.0	ENSG00000070950
RAD21	B_mitotic_GO	8	116845934.0	116874924.0	ENSG00000164754
RAD21L1	B_mitotic_GO	20	1226027.0	1296421.0	ENSG00000244588
RAD51C	B_mitotic_GO,C_tumour_predisposition,D_actionable_pediatric	17	58692569.0	58735611.0	ENSG00000108384
RAD51D	C_tumour_predisposition,D_actionable_pediatric	17	35092221.0	35121522.0	ENSG00000185379
RAF1	D_actionable_pediatric	3	12582101.0	12664201.0	ENSG00000132155
RAN	B_mitotic_GO	12	130871993.0	130877678.0	ENSG00000132341
RANGRF	B_mitotic_GO	17	8288631.0	8290092.0	ENSG00000108961
RASA1	B_mitotic_GO	5	87267778.0	87394691.0	ENSG00000145715
RB1	B_mitotic_GO,C_tumour_predisposition,D_actionable_pediatric	13	48303710.0	48599436.0	ENSG00000139687
RBM20	D_actionable_pediatric	10	110643874.0	110839471.0	ENSG00000203867
RCC2	B_mitotic_GO	1	17406755.0	17439992.0	ENSG00000179051
RDX	D_actionable_pediatric	11	109864295.0	110297617.0	ENSG00000137710
REC8	B_mitotic_GO	14	24171853.0	24180923.0	ENSG00000100918
RET	C_tumour_predisposition,D_actionable_pediatric	10	43077026.0	43130351.0	ENSG00000165731
RGS14	B_mitotic_GO	5	177357654.0	177374390.0	ENSG00000169220
RHBDF2	C_tumour_predisposition	17	76470884.0	76501790.0	ENSG00000129667
RHOA	B_mitotic_GO	3	49359136.0	49412998.0	ENSG00000067560
RHOB	B_mitotic_GO	2	20447074.0	20449440.0	ENSG00000143878
RHOC	B_mitotic_GO	1	112699765.0	112707897.0	ENSG00000155366
RIOK2	B_mitotic_GO	5	97160867.0	97183297.0	ENSG00000058729
RIT1	D_actionable_pediatric	1	155897808.0	155911408.0	ENSG00000143622
RMDN1	B_mitotic_GO	8	86467055.0	86514357.0	ENSG00000176623
RMI2	B_mitotic_GO	16	11249619.0	11381662.0	ENSG00000175643
RNF103-CHMP3	B_mitotic_GO	2	86505668.0	86721122.0	ENSG00000249884
RNF43	C_tumour_predisposition	17	58353671.0	58417735.0	ENSG00000108375
ROCK1	B_mitotic_GO	18	20944612.0	21111882.0	ENSG00000067900
ROCK2	B_mitotic_GO	2	11179759.0	11348330.0	ENSG00000134318
ROPN1B	B_mitotic_GO	3	125969153.0	125983454.0	ENSG00000114547
RPE65	D_actionable_pediatric	1	68428822.0	68451103.0	ENSG00000116745
RPS10	D_actionable_pediatric	6	34417447.0	34426237.0	ENSG00000124614
RPS19	D_actionable_pediatric	19	41859848.0	41872931.0	ENSG00000105372
RPS24	D_actionable_pediatric	10	78033723.0	78056813.0	ENSG00000138326
RRS1	B_mitotic_GO	8	66429014.0	66430733.0	ENSG00000179041
RSPH1	D_actionable_pediatric	21	42472486.0	42496366.0	ENSG00000160188
RSPH4A	D_actionable_pediatric	6	116616474.0	116634765.0	ENSG00000111834
RTKN	B_mitotic_GO	2	74424131.0	74442422.0	ENSG00000114993
RUNX1	C_tumour_predisposition,D_actionable_pediatric	21	34787801.0	36004667.0	ENSG00000159216
RYR1	D_actionable_pediatric	19	38433691.0	38595273.0	ENSG00000196218
RYR2	D_actionable_pediatric	1	237042184.0	237833988.0	ENSG00000198626
S1PR2	D_actionable_pediatric	19	10221433.0	10231331.0	ENSG00000267534
SAMD9	C_tumour_predisposition	7	93099513.0	93118042.0	ENSG00000205413
SAMD9L	C_tumour_predisposition	7	93130056.0	93148410.0	ENSG00000177409
SAPCD2	B_mitotic_GO	9	137062127.0	137070593.0	ENSG00000186193
SCN1A	D_actionable_pediatric	2	165984641.0	166182806.0	ENSG00000144285
SCN5A	D_actionable_pediatric	3	38548057.0	38649743.0	ENSG00000183873
SEH1L	B_mitotic_GO	18	12947133.0	12987713.0	ENSG00000085415
SEPTIN1	B_mitotic_GO	16	30378135.0	30395991.0	ENSG00000180096
SEPTIN10	B_mitotic_GO	2	109542703.0	109614221.0	ENSG00000186522
SEPTIN11	B_mitotic_GO	4	76949700.0	77040942.0	ENSG00000138758
SEPTIN12	B_mitotic_GO	16	4777606.0	4788398.0	ENSG00000140623
SEPTIN14	B_mitotic_GO	7	55793540.0	55862755.0	ENSG00000154997
SEPTIN2	B_mitotic_GO	2	241314923.0	241354030.0	ENSG00000168385
SEPTIN3	B_mitotic_GO	22	41969443.0	41998221.0	ENSG00000100167
SEPTIN4	B_mitotic_GO	17	58519969.0	58544368.0	ENSG00000108387
SEPTIN5	B_mitotic_GO	22	19714117.0	19724781.0	ENSG00000184702
SEPTIN6	B_mitotic_GO	X	119615724.0	119694346.0	ENSG00000125354
SEPTIN7	B_mitotic_GO	7	35800932.0	35907110.0	ENSG00000122545
SEPTIN8	B_mitotic_GO	5	132750138.0	132807241.0	ENSG00000164402
SEPTIN9	B_mitotic_GO	17	77280569.0	77500596.0	ENSG00000184640
SERPINA1	D_actionable_pediatric	14	94376745.0	94391024.0	ENSG00000197249
SGO1	B_mitotic_GO	3	20155363.0	20186800.0	ENSG00000129810
SGO2	B_mitotic_GO	2	200510008.0	200584096.0	ENSG00000163535
SHCBP1L	B_mitotic_GO	1	182899865.0	182953525.0	ENSG00000157060
SHOC2	D_actionable_pediatric	10	110917932.0	111017314.0	ENSG00000108061
SIRT2	B_mitotic_GO	19	38878555.0	38900501.0	ENSG00000068903
SKA1	B_mitotic_GO	18	50374996.0	50394176.0	ENSG00000154839
SKA2	B_mitotic_GO	17	59109857.0	59155260.0	ENSG00000182628
SKA3	B_mitotic_GO	13	21152061.0	21176605.0	ENSG00000165480
SLC22A5	D_actionable_pediatric	5	132369493.0	132395615.0	ENSG00000197375
SLC25A13	D_actionable_pediatric	7	96120218.0	96322181.0	ENSG00000004864
SLC25A15	D_actionable_pediatric	13	40789409.0	40812460.0	ENSG00000102743
SLC26A4	D_actionable_pediatric	7	107660594.0	107717809.0	ENSG00000091137
SLC2A1	D_actionable_pediatric	1	42925353.0	42958904.0	ENSG00000117394
SLC39A4	D_actionable_pediatric	8	144409742.0	144416894.0	ENSG00000147804
SLC6A8	D_actionable_pediatric	X	153687914.0	153696591.0	ENSG00000130821
SMAD3	D_actionable_pediatric	15	67063763.0	67195173.0	ENSG00000166949
SMAD4	C_tumour_predisposition,D_actionable_pediatric	18	51028528.0	51085045.0	ENSG00000141646
SMARCA2	B_mitotic_GO	9	1980290.0	2193624.0	ENSG00000080503
SMARCA4	B_mitotic_GO,C_tumour_predisposition,D_actionable_pediatric	19	10960824.0	11079426.0	ENSG00000127616
SMARCB1	B_mitotic_GO,C_tumour_predisposition,D_actionable_pediatric	22	23786931.0	23838009.0	ENSG00000099956
SMARCC1	B_mitotic_GO	3	47585269.0	47782106.0	ENSG00000173473
SMARCC2	B_mitotic_GO	12	56162359.0	56189587.0	ENSG00000139613
SMARCD1	B_mitotic_GO	12	50085196.0	50101870.0	ENSG00000066117
SMARCD2	B_mitotic_GO	17	63832078.0	63843065.0	ENSG00000108604
SMARCD3	B_mitotic_GO	7	151238764.0	151277896.0	ENSG00000082014
SMARCE1	B_mitotic_GO	17	40624962.0	40648667.0	ENSG00000073584
SMC1A	B_mitotic_GO	X	53361522.0	53422750.0	ENSG00000072501
SMC1B	B_mitotic_GO	22	45344063.0	45413619.0	ENSG00000077935
SMC2	B_mitotic_GO	9	104093695.0	104144488.0	ENSG00000136824
SMC3	B_mitotic_GO	10	110567668.0	110606063.0	ENSG00000108055
SMC4	B_mitotic_GO	3	160399274.0	160437759.0	ENSG00000113810
SMC5	B_mitotic_GO	9	70258270.0	70354874.0	ENSG00000198887
SMC6	B_mitotic_GO	2	17662940.0	17800242.0	ENSG00000163029
SNCA	D_actionable_pediatric	4	89700345.0	89838321.0	ENSG00000145335
SNX18	B_mitotic_GO	5	54517707.0	54546586.0	ENSG00000178996
SNX33	B_mitotic_GO	15	75647797.0	75662301.0	ENSG00000173548
SNX9	B_mitotic_GO	6	157700387.0	157945077.0	ENSG00000130340
SON	B_mitotic_GO	21	33542214.0	33577481.0	ENSG00000159140
SOS1	D_actionable_pediatric	2	38962206.0	39124345.0	ENSG00000115904
SOS2	D_actionable_pediatric	14	50116801.0	50231930.0	ENSG00000100485
SOX5	B_mitotic_GO	12	23529504.0	24562544.0	ENSG00000134532
SPAG1	D_actionable_pediatric	8	100157853.0	100259278.0	ENSG00000104450
SPAG5	B_mitotic_GO	17	28577565.0	28599052.0	ENSG00000076382
SPART	B_mitotic_GO	13	36301638.0	36370217.0	ENSG00000133104
SPAST	B_mitotic_GO	2	32063525.0	32157637.0	ENSG00000021574
SPC24	B_mitotic_GO	19	11131419.0	11155815.0	ENSG00000161888
SPC25	B_mitotic_GO	2	168834132.0	168913371.0	ENSG00000152253
SPDL1	B_mitotic_GO	5	169583632.0	169604780.0	ENSG00000040275
SPICE1	B_mitotic_GO	3	113442718.0	113515606.0	ENSG00000163611
SPIRE1	B_mitotic_GO	18	12446512.0	12658129.0	ENSG00000134278
SPIRE2	B_mitotic_GO	16	89818179.0	89871320.0	ENSG00000204991
SPRED1	D_actionable_pediatric	15	38252076.0	38358502.0	ENSG00000166068
SPTBN1	B_mitotic_GO	2	54456266.0	54671446.0	ENSG00000115306
SSNA1	B_mitotic_GO	9	137188640.0	137190371.0	ENSG00000176101
STAG1	B_mitotic_GO	3	136336234.0	136752464.0	ENSG00000118007
STAG2	B_mitotic_GO	X	123960212.0	124422664.0	ENSG00000101972
STAG3	B_mitotic_GO	7	100177563.0	100214387.0	ENSG00000066923
STAMBP	B_mitotic_GO	2	73828916.0	73873670.0	ENSG00000124356
STK11	D_actionable_pediatric	19	1177558.0	1228431.0	ENSG00000118046
STMN1	B_mitotic_GO	1	25884181.0	25908470.0	ENSG00000117632
STRA8	B_mitotic_GO	7	135231979.0	135258666.0	ENSG00000146857
STRC	D_actionable_pediatric	15	43597892.0	43618800.0	ENSG00000242866
SUFU	C_tumour_predisposition	10	102503952.0	102633535.0	ENSG00000107882
TACC3	B_mitotic_GO	4	1712858.0	1745178.0	ENSG00000013810
TDRD12	B_mitotic_GO	19	32719735.0	32829580.0	ENSG00000173809
TEAD3	B_mitotic_GO	6	35473597.0	35497868.0	ENSG00000007866
TECRL	D_actionable_pediatric	4	64275255.0	64409578.0	ENSG00000205678
TECTA	D_actionable_pediatric	11	121101243.0	121191490.0	ENSG00000109927
TENT4A	B_mitotic_GO	5	6713291.0	6757045.0	ENSG00000112941
TEX14	B_mitotic_GO	17	58556678.0	58692055.0	ENSG00000121101
TGFB2	B_mitotic_GO,D_actionable_pediatric	1	218345336.0	218444619.0	ENSG00000092969
TGFB3	D_actionable_pediatric	14	75958066.0	75983026.0	ENSG00000119699
TGFBR1	D_actionable_pediatric	9	99104038.0	99154395.0	ENSG00000106799
TGFBR2	D_actionable_pediatric	3	30606478.0	30694249.0	ENSG00000163513
TMC1	D_actionable_pediatric	9	72521608.0	72838297.0	ENSG00000165091
TMEM43	D_actionable_pediatric	3	14124998.0	14143681.0	ENSG00000170876
TMIE	D_actionable_pediatric	3	46694528.0	46710886.0	ENSG00000181585
TNNC1	D_actionable_pediatric	3	52451082.0	52454071.0	ENSG00000114854
TNNT2	D_actionable_pediatric	1	201356606.0	201379773.0	ENSG00000118194
TOPAZ1	B_mitotic_GO	3	44241886.0	44332098.0	ENSG00000173769
TP53	D_actionable_pediatric	17	7661779.0	7687546.0	ENSG00000141510
TPR	B_mitotic_GO	1	186311188.0	186375693.0	ENSG00000047410
TPRN	D_actionable_pediatric	9	137191617.0	137204193.0	ENSG00000176058
TPX2	B_mitotic_GO	20	31739248.0	31801805.0	ENSG00000088325
TRDN	D_actionable_pediatric	6	123215088.0	123637316.0	ENSG00000186439
TRIM36	B_mitotic_GO	5	115124745.0	115180546.0	ENSG00000152503
TRIOBP	D_actionable_pediatric	22	37696983.0	37776581.0	ENSG00000100106
TRIP13	A_MVA_core,B_mitotic_GO	5	892849.0	919357.0	ENSG00000071539
TSC1	D_actionable_pediatric	9	132891348.0	132946874.0	ENSG00000165699
TSC2	D_actionable_pediatric	16	2047345.0	2089491.0	ENSG00000103197
TTC19	B_mitotic_GO	17	15999386.0	16068416.0	ENSG00000011295
TTK	B_mitotic_GO	6	80003887.0	80043580.0	ENSG00000112742
TTN	B_mitotic_GO,D_actionable_pediatric	2	178525989.0	178830802.0	ENSG00000155657
TTR	D_actionable_pediatric	18	31557008.0	31606585.0	ENSG00000118271
TUBA1A	B_mitotic_GO	12	49184146.0	49189324.0	ENSG00000167552
TUBA1B	B_mitotic_GO	12	49127780.0	49131398.0	ENSG00000123416
TUBA1C	B_mitotic_GO	12	49188736.0	49274600.0	ENSG00000167553
TUBB	B_mitotic_GO	6	30717435.0	30725538.0	ENSG00000196230
TUBG1	B_mitotic_GO	17	42609411.0	42615253.0	ENSG00000131462
TUBG2	B_mitotic_GO	17	42659223.0	42667007.0	ENSG00000037042
UBE2C	B_mitotic_GO	20	45812561.0	45816965.0	ENSG00000175063
UHRF1	B_mitotic_GO	19	4903080.0	4962154.0	ENSG00000276043
UNC119	B_mitotic_GO	17	28546705.0	28552655.0	ENSG00000109103
USP44	B_mitotic_GO	12	95515926.0	95553341.0	ENSG00000136014
USP8	B_mitotic_GO	15	50423584.0	50514421.0	ENSG00000138592
VHL	D_actionable_pediatric	3	10141764.0	10153676.0	ENSG00000134086
VPS13C	D_actionable_pediatric	15	61852389.0	62060482.0	ENSG00000129003
VPS35	D_actionable_pediatric	16	46656132.0	46689518.0	ENSG00000069329
VPS4A	B_mitotic_GO	16	69311299.0	69326939.0	ENSG00000132612
VPS4B	B_mitotic_GO	18	63389119.0	63422521.0	ENSG00000119541
WAPL	B_mitotic_GO	10	86435256.0	86521843.0	ENSG00000062650
WAS	D_actionable_pediatric	X	48676593.0	48691431.0	ENSG00000015285
WASHC5	B_mitotic_GO	8	125024260.0	125091819.0	ENSG00000164961
WRAP73	B_mitotic_GO	1	3630767.0	3652761.0	ENSG00000116213
WT1	C_tumour_predisposition,D_actionable_pediatric	11	32387775.0	32435885.0	ENSG00000184937
WWTR1	B_mitotic_GO	3	149517235.0	149736714.0	ENSG00000018408
XRCC3	B_mitotic_GO	14	103697569.0	103715504.0	ENSG00000126215
YTHDF2	B_mitotic_GO	1	28736608.0	28770214.0	ENSG00000198492
ZFP36L2	B_mitotic_GO	2	43221825.0	43226612.0	ENSG00000152518
ZFYVE19	B_mitotic_GO	15	40807086.0	40815084.0	ENSG00000166140
ZFYVE26	B_mitotic_GO	14	67727374.0	67816590.0	ENSG00000072121
ZNF207	B_mitotic_GO	17	32350122.0	32381885.0	ENSG00000010244
ZNF365	B_mitotic_GO	10	62374089.0	62482255.0	ENSG00000138311
ZW10	B_mitotic_GO	11	113729794.0	113773771.0	ENSG00000086827
ZWILCH	B_mitotic_GO	15	66504959.0	66550130.0	ENSG00000174442
ZWINT	B_mitotic_GO	10	56352710.0	56361392.0	ENSG00000122952
