pmid	year	title	estado_del_checkpoint	farmaco_o_clase	direccion_de_la_respuesta	contexto	aprobado_clinicamente	frase_clave
22286062	2012	Hsp90 stress potentiates rapid cellular adaptation through induction of aneuploidy.	debilitado	Hsp90 inhibitor	mas resistente	Saccharomyces cerevisiae (budding yeast)	False	Hsp90 inhibition markedly increased chromosome instability to produce drug-resistant colonies
24641887	2015	Aneuploidy and tumorigenesis in Drosophila.				modelos de cancer epitelial en Drosophila		aneuploidy has been shown to be a powerful driver of tumor progression, anticancer drug resistance, and tumor relapse
26144554	2016	Aneuploidy generates proteotoxic stress and DNA damage concurrently with p53-mediated	debilitado	CENP-E inhibitor (Compound-A)	mas sensible	SAC-impaired cells, xenograft model	False	CENP-E inhibition causes p53-mediated post-mitotic apoptosis triggered by chromosome missegregation
26919188	2016	Phosphorylated Ribosomal Protein S6 Is Required for Akt-Driven Hyperplasia and Malign	debilitado		mas resistente	células β pancreáticas, fibroblastos	False	rpS6 phosphorylation deficiency efficiently restrained Akttg-driven hyperplasia and tumor formation
27308610	2016	Different cell fates after mitotic slippage: From aneuploidy to polyploidy.	debilitado	inhibidores de CENP-E y KIF11	sin cambio			Aneuploidy caused substantial proteotoxic stress and DNA damage accompanied by p53-mediated postmitotic apoptosis
30341282	2019	AMPK-dependent autophagy upregulation serves as a survival mechanism in response to T	intacto	chloroquine	mas resistente	glioma cells	True	cancer cells utilize autophagy as a resistance mechanism to TTFields
30373917	2020	Aurora A Kinase Inhibition Is Synthetic Lethal with Loss of the RB1 Tumor Suppressor 	debilitado	LY3295668 (inhibidor de AURKA)	mas sensible	celulas de cancer con mutacion RB1 (small-cell lung cancer, triple-negative breast cancer)		synthetic lethal interaction between RB1 and AURKA inhibition without myelosuppression
31427428	2020	First meiotic anaphase requires Cep55-dependent inhibitory cyclin-dependent kinase 1 	debilitado		mas resistente	oocitos de ratón, meiosis I		SAC no ejerce control exclusivo sobre iniciación de anafase I
32121246	2020	Upregulation of Thr/Tyr kinase Increases the Cancer Progression by Neurotensin and Di	debilitado		mas resistente	cancer de pulmon	False	TTK was upregulated in the tumor tissue of patients with lung cancer
32205408	2020	Yeast Sphingolipid Phospholipase Gene ISC1 Regulates the Spindle Checkpoint by a CDC5	debilitado		mas resistente	levadura (Saccharomyces cerevisiae)	False	ISC1 deletion mutants were sensitive to benomyl, indicating a SAC defect
32716490	2021	Rare deleterious BUB1B variants induce premature ovarian insufficiency and early meno	debilitado		mas sensible	ovarios, ratones Bub1b+/-		BUBR1 insufficiency may induce vulnerability to oxidative stress
32878980	2021	A YAP/FOXM1 axis mediates EMT-associated EGFR inhibitor resistance and increased expr	reforzado	EGFR TKI	mas resistente	cancer de pulmon con mutacion EGFR		EGFR TKI-resistant cells displayed increased abundance of spindle assembly checkpoint proteins
33478100	2021	Identification of a Dexamethasone Mediated Radioprotection Mechanism Reveals New Ther	debilitado	dexamethasone (DEXA); tyrosine kinase inhibitors (ponatinib, sunitinib, dasatinib)	mas resistente	glioblastoma (GBM) cells, glioma stem-like cells (GSCs)	False	DEXA down-regulates genes controlling G2/M and mitotic-spindle checkpoints, enabling cells to override SAC
33505027	2021	Whole-genome doubling confers unique genetic vulnerabilities on tumour cells.	debilitado		mas sensible	celulas tumorales con duplicacion del genoma completo (WGD+) versus celulas normales (WGD-)		WGD+ cells are more dependent on spindle-assembly checkpoint, DNA-replication factors and proteasome function
33505028	2021	Aneuploidy renders cancer cells vulnerable to mitotic checkpoint inhibition.	debilitado	inhibidores del SAC (spindle assembly checkpoint)	mas sensible	celulas de cancer aneuploide	False	aneuploid cancer cells show increased sensitivity to genetic perturbation of core components of the spindle assembly checkpoint
34058059	2022	SIK2 kinase synthetic lethality is driven by spindle assembly defects in FANCA-defici	debilitado	inhibidores de SIK2	mas sensible	fibroblastos FANCA-/-	False	FANCA-deficient cells are dependent upon SIK2 for survival
34373451	2021	Integrative oncogene-dependency mapping identifies RIT1 vulnerabilities and synergies	debilitado	Aurora A inhibitor	mas sensible	RIT1-mutant lung cancer cells		Oncogenic RIT1M90I weakens the spindle assembly checkpoint and results in sensitivity to Aurora A inhibition
35311075	2024	Heat Shock Proteins and HSF1 in Cancer.				múltiples malignidades, células cancerosas		HSPs y HSF1 están asociados con resistencia a fármacos y malos resultados clínicos
35393542	2022	Aurora kinase A inhibition induces synthetic lethality in SMAD4-deficient colorectal 	reforzado	AURKA inhibitor	mas sensible	SMAD4-/- colorectal cancer cells	False	AURKA inhibition induced apoptosis in SMAD4-/- CRC cells via SAC hyperactivation
36070391	2022	The spindle assembly checkpoint is a therapeutic vulnerability of CDK4/6 inhibitor-re	debilitado	CDK4/6 inhibidores; TTK inhibidor (CFI-402257)	mas sensible	lineas celulares de cancer de mama ER+ resistentes a CDK4/6i; organoides derivados de pacientes	False	inhibicion de TTK induce segregacion prematura de cromosomas, errores mitoticos excesivos y muerte celular
36191188	2022	Hyper-active RAS/MAPK introduces cancer-specific mitotic vulnerabilities.	debilitado		mas sensible	glioblastoma, modelo de transformación genética		RAS/MAPK constitutivo hiperstimula kinasas del cinetocoro comprometiendo segregación cromosómica
37119038	2023	Identification of key molecular players and associated pathways in cervical squamous 	deficiente/debilitado			carcinoma de células escamosas cervicales		cell cycle checkpoint, cell proliferation in gene ontology analysis
37452072	2023	FOXM1 is critical for the fitness recovery of chromosomally unstable cells.	debilitado	inhibidores de FOXM1	mas sensible	celulas aneuploide con altos niveles de MAD2		FOXM1 facilitates mitotic exit by inhibiting the spindle assembly checkpoint
37934606	2024	PP2A inhibition causes synthetic lethality in BRCA2-mutated prostate cancer models vi	debilitado	PP2A inhibitors	mas sensible	BRCA2-mutated prostate cancer models	False	PP2A inhibitors could reactivate the SAC and achieve BRCA2-deficient prostate tumor synthetic lethality
38279026	2024	Weakened APC/C activity at mitotic exit drives cancer vulnerability to KIF18A inhibit	debilitado	KIF18A inhibition	mas sensible		False	células con débil actividad basal APC/C son uniquely sensitive a KIF18A inhibition
38523261	2024	MAPK-dependent control of mitotic progression in S. pombe.	debilitado		mas resistente	S. pombe		pmk1Δ cells are hypersensitive to microtubule damage and defective in maintaining metaphase arrest
38553459	2024	The two sides of chromosomal instability: drivers and brakes in cancer.						
38559067	2024	Meiosis-specific functions of kinetochore protein SPC105R required for chromosome seg				oocitos de Drosophila, meiosis I		SPC105R's C-terminal domain necessary and sufficient for recruiting NDC80 to kinetochore
38560520	2024	Kinesin-7 CENP-E in tumorigenesis: Chromosome instability, spindle assembly checkpoin	debilitado			tumores múltiples		CENP-E participates in spindle assembly checkpoint and chromosome alignment
38774470	2024	FBXO42 activity is required to prevent mitotic arrest, spindle assembly checkpoint ac	deficiente/debilitado	inhibidor químico de Mps1	mas sensible	células madre de glioblastoma (GSCs), líneas celulares de amplio rango de cánceres		FBXO42 activity prevents chromosome alignment defects, mitotic arrest and cell death
38806674	2024	Chronic spindle assembly checkpoint activation causes myelosuppression and gastrointe	reforzado		mas sensible	medula osea e intestino (modelo in vivo en raton)	False	chronic SAC activation triggers bone marrow aplasia and intestinal atrophy in mice
38856693	2024	Mis-splicing of Mitotic Regulators Sensitizes SF3B1-Mutated Human HSCs to CHK1 Inhibi	debilitado	CHK1 inhibitors (prexasertib)	mas sensible	human HSPCs (CD34+ cells), SF3B1-mutated	True	Mutant SF3B1 induced mis-splicing of mitotic regulators promoting CHK1i sensitivity
38865189	2024	Meiosis-specific functions of kinetochore protein SPC105R required for chromosome seg				oocitos de Drosophila, división meiótica I		SPC105R C-terminal domain recruits NDC80 and BUBR1 for kinetochore assembly
38879159	2024	Next generation antimitotic &#x3b2;-carboline derivatives modulate microtubule dynami	debilitado	β-carbolina (MJ-211)	mas sensible	células de carcinoma de pulmón humano (A549)		suprimió Cyclin B1, Phospho HSP 27, ERK1/2, y NF-κB
38888878	2024	Kinesin motor KIF16A regulates microtubule stability and actin-dependent spindle migr	debilitado		mas resistente	oocitos de ratón		Kif16A depletion reduces tubulin acetylation and compromises microtubule resistance to depolymerizing drugs
38949648	2024	A force-sensitive mutation reveals a non-canonical role for dynein in anaphase progre	debilitado		mas resistente	embrión de Drosophila	False	mutation only compromises motor performance under load
38953826	2024	Genetic Variations Affect Chemotherapy Outcomes: A Role of the Spindle-assembly Check	debilitado	paclitaxel-carboplatin (platinum y taxane compounds)	mas sensible	ovarian cancer avanzado, pacientes tratados con paclitaxel-carboplatin		BUB3 expression correlated with chemosensitivity, suggesting its potential as a predictive marker
38987356	2024	A whole-genome CRISPR screen identifies the spindle accessory checkpoint as a locus o	debilitado	nab-paclitaxel / paclitaxel	mas resistente	PANC-1 (linea celular de cancer de pancreas)		Knockdown of SAC genes attenuates paclitaxel-induced cell death
39247952	2024	Increased RNA and Protein Degradation Is Required for Counteracting Transcriptional B		inhibidores de proteasoma	mas sensible	celulas aneuploides, mieloma multiple	True	aneuploid cells are preferentially dependent on proteasome inhibition
39268895	2024	Revisiting the role of the spindle assembly checkpoint in the formation of gross chro	intacto		sin cambio	Saccharomyces cerevisiae		no role of the SAC in promoting GCR after correcting for artifact
39604214	2025	Fibrous corona is reduced in cancer cell lines that attenuate microtubule nucleation 	debilitado		mas resistente	lineas celulares de cancer de mama		fibrous corona reduction in cancer cells attenuates microtubule nucleation from kinetochores
39614043	2024	Generation of Cdc20 RNAi-Sensitive Cell Lines to Study Mitotic Exit.				células RNAi-sensibles generadas con CRISPR/Cas9		Cdc20 es un regulador mitótico clave que promueve salida mitótica activando APC/C
39698932	2024	DeSUMOylating isopeptidase 1 participates in the faithful chromosome segregation and 	debilitado	vincristine	mas resistente			DESI1 knockdown reduced sensitivity to vincristine by inducing mitotic slippage
39804939	2025	The dependence of shugoshin on Bub1-kinase activity is dispensable for the maintenanc	reforzado			Cryptococcus neoformans (levadura basidiomiceto)		Sgo1 reinforces the Aurora B kinase-Ipl1-PP1 phosphatase balance, critical for prolonged SAC maintenance
39832390	2025	Insights into NEK2 inhibitors as antitumor agents: From mechanisms to potential thera		NEK2 inhibitors	mas resistente	liver cancer, breast cancer, non-small cell lung cancer	False	NEK2 overexpression confer resistance to therapy by promoting aberrant cell division
39838194	2025	High CDC20 levels increase sensitivity of cancer cells to MPS1 inhibitors.	debilitado	MPS1 inhibitors (SAC inhibitors)	mas sensible	aneuploid cancer cells		High CDC20 expression shortens metaphase duration and increases sensitivity to SAC inhibition
39955777	2025	Evolutionary adaptation to hyperstable microtubules selectively targets tubulins and 	reforzado		mas resistente	levadura (Saccharomyces cerevisiae)		Sustained growth relied on the mitotic checkpoint, indicating that extended mitotic timing limits genomic instability
40011561	2025	PBRM1 directs PBAF to pericentromeres and protects centromere integrity.	debilitado		mas sensible	lineas celulares isogenicas		PBRM1 loss creates a dependence on the spindle assembly checkpoint
40105672	2025	Coinhibition of Aurora Kinase B and SUV4-20H Induces Synthetic Lethality in Wild-type	debilitado	barasertib (AZD2811) + A196	mas sensible	celulas de cancer deficientes en p53 salvaje, cancer de mama triple negativo		barasertib plus A196 induces synthetic lethality in p53-deficient cancer cells
40180891	2025	Genome-wide CRISPR screen identifies BUB1 kinase as a druggable vulnerability in mali	debilitado		mas sensible	lineas celulares de mesotelioma pleural maligno (MPM)	False	BUB1 ablation leads to cytokinesis failure and multinucleation
40463217	2026	Explainable Machine Learning Identifies Factors for Dosage Compensation in Aneuploid 				líneas celulares de cáncer humano, muestras de tumor in vivo		dosage compensation correlates with reduced proteotoxic stress and increased drug resistance
40466638	2025	Screening a living biobank identifies cabazitaxel as a strategy to combat acquired ta	debilitado	cabazitaxel	mas sensible	modelos de cáncer de ovario seroso de alto grado derivados de pacientes		cabazitaxel, which is a poor MDR1 substrate, highlighting a potential therapeutic option
40650052	2025	Tick-Tock: Cancer Cell Division Cycle Clocks Strike Midnight.	debilitado	APC/C inhibitor (proTAME); HSP90 inhibitor (pimitespib/TAS-116, tanespimycin)	mas sensible	aneuploid cancer cells vs. diploid cells	True	targeting APC/C to suppress activity combined with HSP90 inhibitors in cancer cells under proteotoxic stress
40679065	2025	The Critical Role of Enhanced OXPHOS and Mitochondrial Hyperpolarization in Simulated	intacto		mas resistente	oocitos de ratón, microgravedad simulada		inhibición del complejo promotor anafásico rescató la maduración mejorando significativamente las tasas
40836083	2025	Targeting G1-S-checkpoint-compromised cancers with cyclin A/B RxL inhibitors.	deficiente/debilitado	cyclin A/B RxL inhibitors (macrocyclic peptides)	mas sensible	SCLC (small-cell lung cancer), cancers with high E2F activity	False	cyclin A/Bi selectively kill SCLC cells with high E2F activity
40861270	2025	MRE11 orchestrates porcine oocyte meiotic progression by modulating the spindle assem	reforzado	mirin (inhibidor específico de Mre11)	mas resistente	oocitos porcinos	False	sustained BubR1 presence at kinetochores, indicating activation of the spindle assembly checkpoint
41279925	2026	The scaffold protein PRR14L links the PP2A-TACC3 axis to mitotic fidelity and sensiti	debilitado	MPS1 inhibitors	mas resistente		False	Loss of PRR14L leads to catastrophic mitotic errors upon MPS1 inhibition
41287778	2025	PTEN-deficient, chromosomal instability colorectal cancer is hypersensitive to STAT3 	reforzado	inhibidor de STAT3	mas sensible	cancer colorrectal deficiente en PTEN	False	PTEN-deficient CRC cells exhibited elevated CIN phenotype and were hypersensitive to STAT3 inhibition
41313943	2025	Suppression of the lipid-transport activity of OSBPL11 weakens the cytotoxicity of SA	debilitado	inhibidores de Eg5 (STLC), paclitaxel	mas resistente		True	OSBPL11 knockdown accelerates mitotic slippage and represses cell death during mitotic arrest
41533580	2026	Linking kinetochore attachment to checkpoint control: the role of Aurora B in BubR1 a	debilitado		mas resistente		False	Aurora B-BubR1 acetylation axis transduces kinetochore-microtubule attachment to SAC activity
41545558	2026	Translational evaluation of BUB1B as a precision medicine biomarker for hepatocellula	reforzado	sorafenib, paclitaxel, doxorubicin; inhibidores selectivos de BUB1B	mas sensible	carcinoma hepatocelular (HCC)		High BUB1B expression as predictive of enhanced sensitivity to sorafenib, paclitaxel, and doxorubicin
41571838	2026	Protein buffering of aneuploidy is driven by coordinated factors identified through m				muestras de cancer		mayor amortiguamiento correlaciona con mayor resistencia a fármacos
41813673	2026	Tumour specific HORMAD1 expression perturbs mitotic arrest and drives sensitivity to 	debilitado	inhibidores de MPS1, Aurora B, BUB1	mas sensible	cánceres de mama triple-negativos (TNBC)		aberrant HORMAD1 expression causes sensitivity to MPS1, Aurora B or BUB1 inhibitors
41959482	2026	Proteomics reveals extensive phosphoregulation of outer kinetochore protein KNL1.	debilitado	nocodazole, paclitaxel, STLC	activacion	HEK 293T/17		defective kinetochore-microtubule attachments trigger spindle assembly checkpoint activation
42039568	2026	KIF18A Maintains Kinetochore-Microtubule Attachments in CIN Cells by Limiting Microtu	debilitado	inhibidor de KIF18A	mas sensible	celulas CIN (inestabilidad cromosómica)		KIF18A inhibition leads to formation of polar chromosomes with unattached kinetochores
42058159	2026	Proteomics reveals extensive phosphoregulation of outer kinetochore protein KNL1.	debilitado	nocodazole, paclitaxel, STLC	mas sensible	HEK 293T/17		KNL1 is extensively phosphoregulated in response to treatment with microtubule-disrupting compounds
42160513	2026	The scaffold protein PRR14L is linked to mitotic fidelity and sensitivity to MPS1 inh	debilitado	MPS1 inhibitors (NMS-P715)	mas sensible	células con pérdida de PRR14L o fusiones FGFR-TACC3		Loss of PRR14L leads to catastrophic mitotic errors upon SAC abrogation by MPS1 inhibitors
42177195	2026	Cuproptosis causes meiotic metaphase I arrest by disrupting mitochondrial functions i	deficiente	Cu(II)-elesclomol (ELC-Cu(II))	mas resistente	oocitos de ratón	False	NMN supplementation improves mitochondrial function and partially restores polar body extrusion
42302064	2026	Chromosomal Instability Drives Glioblastoma Heterogeneity and Therapeutic Opportuniti				glioblastoma		CIN drives tumor progression, therapy resistance, and poor prognosis
42323312	2026	A modular chromosomal passenger complex rewires chromosome segregation in Plasmodium 	debilitado			Plasmodium berghei, gametogénesis masculina, meiosis		ARK1 depletion results in short and multipolar spindles, kinetochore misalignment, and failed chromosome partitioning
42338979	2026	BUB1 in cancer genetics and oncogenomics: from chromosomal instability to therapeutic	debilitado	small-molecule inhibitors	mas sensible	multiple malignancies	False	BUB1 as a therapeutic target, including the antitumor activity of small-molecule inhibitors
42450166	2026	HURP Silencing Differentially Impacts Spindle Architecture and Metastatic Behavior in	atenuado		mas sensible	MCF10A, T47D, MDA-MB-231	False	HURP loss reduced interkinetochore tension in all cell lines, but only MCF10A and T47D cells mounted a proportional BubR1-dependent checkpoint response
42477419	2026	BubR1 TPR domain supports the mitotic checkpoint by promoting MCC formation and MCC-A	reforzado		mas sensible			BubR1 TPR domain promotes MCC formation and MCC-APC/C interaction
42500578	2026	Targeting Aurora A Kinase Enhance the CDK4/6 Inhibitor Sensitivity in HR+/HER2- Breas	debilitado	CDK4/6 inhibitors (Abemaciclib); Aurora A inhibitor	mas resistente	MCF7 cells, HR+/HER2- breast cancer	False	Aurora A contributes to CDK4/6i resistance by overcoming SAC delay and promoting mitosis
42550427	2026	NEK2 is essential for spindle assembly checkpoint regulation and cytoskeleton organiz	debilitado	MBM-55	mas resistente	oocito de cerdo	False	NEK2 inhibition altered spindle organization and chromosome alignment, impaired kinetochore-microtubule interactions
42619974	2026	The extraordinary robustness of mitotic spindle assembly to microtubule dynamics plas	debilitado		mas sensible	C. elegans embriones de una célula, Phallusia mammillata		embryos expressing labelled end-binding protein exhibited higher frequency of mitotic defects
42641883	2026	Rewiring mitotic checkpoint control via Mps1 inhibition overcomes DNA repair-mediated	debilitado	G17 (inhibidor de Mps1)	mas sensible	glioblastoma multiforme (GBM), células resistentes a TMZ con MGMT	False	Mps1 inhibition forces GBM cells to exit mitosis prematurely, resulting in persistent DNA damage
