pmid	year	title	modelo	relacion_BubR1_senescencia	intervencion	resultado_de_la_intervencion	es_ensayo_en_humanos	riesgo_tumoral_mencionado	frase_clave
25483095	2015	Mad2 and BubR1 modulates tumourigenesis and paclitaxel response in MKN45 gastric cancer ce	células MKN45 y ST2957 de cáncer gástrico humano	BubR1 bajo/silenciado induce fenotipo similar a senescencia con β-galactosidasa-SA elevada e IL-6/IL-8 aumentada	Silenciamiento de BubR1 (y Mad2) mediante interferencia génica; tratamiento con paclitaxel	Disminución de proliferación, migración e invasión; inducción de senescencia; mayor supervivencia celular tras paclitaxel	False	BubR1/Mad2 elevados promueven transformación celular y progresión tumoral; senescencia podría prevenir tumorogénesis	senescence could prevent tumorigenesis in GC
25897860	2016	Mouse oocytes depend on BubR1 for proper chromosome segregation but not for prophase I arr	ratón - knockout condicional de BubR1 en oocitos	Reducción fuerte de BubR1 en oocitos de mujeres en menopausia y ovarios de ratones envejecidos; declive relacionado con la edad contribuye a aneuploidización	Knockout condicional de BubR1 en oocitos de ratón	BubR1 requerido para actividad del checkpoint de ensamblaje del huso, timing de meiosis I, y establecimientos robustos de uniones cinetocoro-microtúbulo; no requerido para arresto profase I	False		declive relacionado con la edad de BubR1 es determinante clave de aneuploidía
25964054	2016	BubR1 kinase: protection against aneuploidy and premature aging.	ratones (modelos murinos)	BubR1 regula el envejecimiento normal; niveles de BubR1 se asocian con funciones anti-envejecimiento			False	BubR1 como diana terapéutica potencial para desarrollo de terapias anticáncer innovadoras	BubR1 protection against aneuploidy and premature aging
26423835	2016	Attenuation of p38&#x3b1; MAPK stress response signaling delays the in vivo aging of skele	ratón mutante dominante negativo p38α (DN-p38α(AF/+))	BubR1 es un factor protector juvenil cuya declinación está asociada al envejecimiento muscular; su mantenimiento mediante atenuación de p38α retrasa el envejecimiento	Atenuación in vivo de la actividad p38α en el gastrocnemio mediante ratón haploinsuficiente dominante negativo	Retraso de procesos asociados a la edad: mantenimiento de factores protectores juveniles (BubR1, ALDH1A1, ALDH2), atenuación de p16(Ink4a) y p19(Arf), disminución de marcadores de estrés oxidativo y senescencia, preservación de masa muscular	False	Atenuación de expresión de genes supresores de tumores p16(Ink4a) y p19(Arf) del locus Cdkn2a en el contexto del envejecimiento retrasado	elevated P-p38α activity promotes skeletal muscle aging and maintenance of beneficial healthspan
26464273	2016	A novel in vitro model of sarcopenia using BubR1 hypomorphic C2C12 myoblasts.	células C2C12 de ratón (mioblastos hipomórficos BubR1)	insuficiencia de BubR1 causa envejecimiento prematuro en ratones; se utilizó para crear un modelo in vitro de sarcopenia	knockdown de BubR1 mediante shRNA en células C2C12	células C2C12BKD muestran características de músculo sarcopénico: formación reducida de miotubos, disminución de expresión de miojenina y MyoD, aumento de expresión de ubiquitina ligasas Atrogin-1 y MuRF-1	False		C2C12BKD cells display characteristics of sarcopenic muscle cell
26681803	2016	Whole chromosome aneuploidy in the brain of Bub1bH/H and Ercc1-/&#x394;7 mice.	ratones Bub1b(H/H) y Ercc1(-/Δ7)	Bub1b defectuoso (punto de control mitótico averiado) se asocia con envejecimiento acelerado y características progeroide			False		Aneuploid cells in mutant mice are likely eliminated early in development through apoptosis
26847209	2016	Haplo-insufficiency of both BubR1 and SGO1 accelerates cellular senescence.	ratón - fibroblastos embrionarios murinos primarios (MEFs) con mutaciones en BubR1 y/o SGO1	Haploinsuficiencia de BubR1 acelera la senescencia celular; el efecto se potencia cuando se combina con deficiencia de SGO1	Generación de MEFs knockout con mutaciones en BubR1, SGO1, o ambos; comparación de fondos genéticos	MEFs BubR1(+/-) SGO1(+/-) mostraron senescencia celular acelerada con cambios morfológicos, expresión de β-galactosidasa asociada a senescencia, y niveles elevados de p21	False	Haploinsuficiencia de BubR1 o SGO1 resulta en inestabilidad cromosómica mejorada y desarrollo tumoral en intestino	combined deficiency of BubR1 and Sgo1 accelerates cellular senescence
26883501	2016	Vascular Cell Senescence Contributes to Blood-Brain Barrier Breakdown.	ratón hipomórfico BubR1 (BubR1^H/H); modelo in vitro de BBB con células endoteliales, pericitos y astrocitos	BubR1^H/H muestra aumento de actividad β-galactosidasa asociada a senescencia y expresión de p16^INK4a en células endoteliales y pericitos, exacerbando el fenotipo de senescencia			False		accumulation of senescent vascular cells is associated with compromised BBB integrity
27533343	2017	Emerging links among Chromosome Instability (CIN), cancer, and aging.	ratones con inestabilidad cromosómica (CIN) con mutaciones transgénicas en reguladores mitóticos				False	CIN es mutagénico y puede causar mutaciones celulares adicionales que pueden ser carcinogénicas. Células dañadas mitóticamente activan supresores tumorales relacionados con senescencia (p21, p27, p16), que pueden llevar a senescencia/envejecimiento a nivel tisular. Inmunidad parcial debilitada permite supervivencia de células senescentes y aneuploides, creando microambiente inflamatorio, pro-tumorigénico y pro-envejecimiento.	CIN itself is mutagenic and may cause further cellular mutations, which can be carcinogenic
27922816	2017	The progeroid gene BubR1 regulates axon myelination and motor function.	ratón hipomorfico BubR1 (BubR1H/H)	Bajos niveles de BubR1 se asocian con fenotipos progeroide y defectos en mielinización axonal; sobreabundancia se vincula con envejecimiento saludable			False		BubR1 es determinante clave de la producción y función oligodendrocítica
28229533	2017	Expansion of myeloid-derived suppressor cells with aging in the bone marrow of mice throug	ratón C57BL/6 envejecido (>2 años), ratón progerio Ercc1-/Δ, ratón BubR1H/H	El modelo BubR1H/H muestra aumento similar de MDSCs en médula ósea con envejecimiento acelerado	Reducción genética de p65/RelA (subunidad de NF-κB) en ratones Ercc1-/Δ	La reducción de p65/RelA abrogó el aumento de MDSCs en médula ósea de ratones Ercc1-/Δ	False		NF-κB activation with aging drives an increase in the percentage of MDSCs
28383136	2017	Age-related decline in BubR1 impairs adult hippocampal neurogenesis.	ratón progeroid con bajo nivel de BubR1	La disminución de BubR1 con el envejecimiento natural causa deficits en la neurogénesis hipocampal adulta	Uso de ratones progeroid que expresan bajos niveles de BubR1	Deficits en proliferación y maduración de progenitores neurales, reducción en la producción de nuevas neuronas	False		BubR1 es un factor crítico controlando pasos secuenciales en neurogénesis
29899396	2019	Lung cellular senescence is independent of aging in a mouse model of COPD/emphysema.	ratón C57BL/6J en modelo de COPD/enfisema inducido por humo de cigarrillo	Bub1b (homólogo de BubR1) fue upregulado significativamente por CS como target pro-senescencia clave	Exposición crónica a humo de cigarrillo durante 6 meses en grupos de ratones jóvenes y viejos	Declive en función pulmonar, cambios estructurales pulmonares, aumento de senescencia celular y upregulación de targets pro-senescencia (Mmp12, Ccl2, Cdkn2a, Tert, Wrn, Bub1b)	False		aging solely does not contribute to the induction of cellular senescence by CS
30221846	2019	An Aurora kinase inhibitor, AMG900, inhibits glioblastoma cell proliferation by disrupting	células de glioblastoma humanas (A172, U-87MG, U-118MG)	BubR1 no fue reclutado al checkpoint del huso mitótico a pesar de cinetocoros desacoplados, contribuyendo a progresión mitótica anormal y senescencia	inhibidor de Aurora quinasa (AMG900)	inhibición de proliferación, upregulación de p53 y p21, arresto del ciclo celular, senescencia, acumulación de multinúcleos y micronúcleos	False	AMG900 como terapia anti-cáncer potencial para glioblastoma	BubR1 no fue reclutado al checkpoint pese a cinetocoros desacoplados
30609266	2020	sFRP3 inhibition improves age-related cellular changes in BubR1 progeroid mice.	ratón hipomórfico BubR1H/H	BubR1H/H presenta envejecimiento acelerado; su función se coopera con sFRP3 en regulación del envejecimiento cerebral	inhibición genética de sFRP3	restauración del tamaño corporal y cerebral reducido; mejora de hipomielinización en corpus callosum; rescate de proliferación de progenitores neurales en giro dentado hipocampal	False		sFRP3 inhibition restores reduced body and brain size in BubR1H/H mice
30693443	2019	ROS-Induced Activation of DNA Damage Responses Drives Senescence-Like State in Postmitotic	células cocleares postmitóticas (in vitro) y ratones SAMP8 (in vivo)	Disminución de expresión de BubR1 asociada a fenotipo de senescencia en células cocleares expuestas a H2O2	Exposición a H2O2 (in vitro) y administración sistémica de EUK-207, mimetizador de superóxido dismutasa/catalasa (in vivo)	EUK-207 atenuó daño al DNA inducido por H2O2 y fenotipos de senescencia in vitro; redujo pérdida auditiva relacionada con la edad y degeneración de células ciliadas en ratones SAMP8	False		ROS-induced DNA damage responses drive cochlear cell senescence and contribute to accelerated ARHL
31209047	2020	Pak2 kinase promotes cellular senescence and organismal aging.	ratones progeroides BubR1, fibroblastos humanos IMR90, fibroblastos embrionarios de ratón (MEFs)	Depleción de Pak2 en ratones progeroides BubR1 atenúa fenotipos asociados al envejecimiento y extiende la vida útil	Depleción de Pak2; sobreexpresión de Pak2	Depleción de Pak2: retraso de senescencia inducida por oncogenes e inducida por estrés oxidativo, atenuación de fenotipos de envejecimiento, extensión de vida útil. Sobreexpresión de Pak2: aceleración de senescencia	False		Pak2 es un regulador importante de senescencia celular y envejecimiento organismal
31738183	2020	BubR1 allelic effects drive phenotypic heterogeneity in mosaic-variegated aneuploidy proge	ratones transgénicos: BubR1L1002P, BubR1X753, BubR1H (mimicando variantes MVA humanas)	Reducción de BubR1 correlaciona con complejidad reducida del fenotipo secretor asociado a senescencia en músculo esquelético; hiperactividad mTORC1 en portadores monoalélicos correlaciona con predisposición a sarcopenia	Generación de ratones con combinaciones de mutaciones BubR1 (BubR1H/L1002P, BubR1X753/L1002P, BubR1H/X753)	BubR1H/L1002P viable con fenotipo MVA incluyendo predisposición a cáncer, envejecimiento prematuro (lifespan corto, enanismo, lipodistrofia, sarcopenia, tolerancia cardiaca reducida); senescencia atenuada en músculo comparado con BubR1H/H	False	Predisposición a cáncer; spectrum de canceres varios como feature de MVA syndrome	BUBR1 allelic effects beyond protein level contribute to disease heterogeneity
31871312	2020	Identification of Differentially Expressed Genes (DEGs) Relevant to Prognosis of Ovarian C	datasets de tejido ovárico normal vs cancer (GSE54388, GSE14407, GSE18520)	BUB1B (ortólogo de BubR1) identificado en vías de senescencia inducida por oncogenes			False	BUB1B y KIF20A correlacionados con peor supervivencia global y progresión en cáncer ovárico	DEGs participan en desarrollo del cáncer ovárico como biomarcadores pronóstico
31942195	2020	Combining Bioinformatics and Experiments to Identify and Verify Key Genes with Prognostic 					False	Carcinoma endometrial; UBE2C como factor de riesgo independiente asociado a estadificación FIGO avanzada y mal pronóstico	KEGG analysis showed DEGs enriched in cellular senescence and p53 signaling pathway
32440821	2021	Identification of Hub Genes in Atypical Teratoid/Rhabdoid Tumor by Bioinformatics Analyses					False	Atypical teratoid/rhabdoid tumor (ATRT), devastating intracranial tumor in children	upregulated genes enriched in cell cycle, p53 signaling pathway, and cellular senescence
32579921	2021	The Kinase Activity of Drosophila BubR1 Is Required for Insulin Signaling-Dependent Stem C	Drosophila melanogaster, mutantes knock-in de BubR1	La actividad quinasa de BubR1 modula la señalización de insulina; su inactivación aumenta la longevidad y produce fenotipos asociados con atenuación de la señalización de insulina	Mutaciones knock-in que disrumpen el dominio quinasa de BubR1 (BubR1 kinase-dead mutants)	Aumento de longevidad, reducción de InR en membrana, actividad debilitada de PI3K y AKT, elevada expresión de dFoxO targets, reducción del número de cap cells en germarios	False		BubR1 kinase modulates insulin signaling at organismal level
33094908	2021	Premature aging syndrome showing random chromosome number instabilities with CDC20 mutatio	células humanas (cultivo in vitro); paciente humano con mutación de novo	Mutante CDC20 muestra menor afinidad de unión a BUBR1 durante formación del complejo de control mitótico, asociado a envejecimiento prematuro	Knock-in de mutante CDC20 (c.856C>A, p.R286S) en células cultivadas	Fallo del punto de control del huso (SAC failure) y aneuploidía aleatoria en células cultivadas; en el paciente: fenotipos de envejecimiento prematuro, pérdida de células madre hematopoyéticas	True		inestabilidad cromosómica acelerada induce envejecimiento prematuro en humanos
33134315	2022	Prognostic Prediction Using a Stemness Index-Related Signature in a Cohort of Gastric Canc	cohort gastric cancer (análisis retrospectivo de expresión génica)				False	Cáncer gástrico: metástasis, recaída y resistencia a fármacos asociados a células madre cancerosas	The 17 mRNAsi-related key genes could be potential treatment targets in GC treatment
33446695	2021	Identifying of biomarkers associated with gastric cancer based on 11 topological analysis 					False	BUB1B identificado como biomarcador pronóstico potencial en cáncer gástrico; senescencia celular mencionada como vía enriquecida asociada.	cellular senescence, cell cycle, viral carcinogenesis and p53 signaling pathway were the most associated with GC
33892776	2021	Physiological relevance of post-translational regulation of the spindle assembly checkpoin		BubR1 está progresivamente regulado a la baja con la edad e está directamente involucrado en el proceso de envejecimiento mediante la supresión de la senescencia celular			False	La pérdida o mutación de BubR1 resulta en aneuploidía que precede a varias patologías potenciales, incluyendo cáncer	BubR1 is progressively downregulated with age and directly involved in aging through suppression of cellular senescence
33902659	2021	Aneuploid abortion correlates positively with MAD1 overexpression and miR-125b down-regula	embriones humanos (vellosidades embrionarias de abortos espontáneos)				True		MAD1 overexpression correlates positively with aneuploid abortion, caused by miR-125b down-regulation
33922244	2021	A Bioinformatics Analysis Identifies the Telomerase Inhibitor MST-312 for Treating High-ST	líneas celulares de HCC		MST-312 (inhibidor de telomerasa)	inhibición de viabilidad celular y expresión de proteínas (STMN1, BUB1B, MCM5)	False	dirigido a carcinoma hepatocelular; STMN1 como oncopróteis asociada a migración e invasión	MST-312 inhibited HCC cell viability and related protein expression
34545188	2021	Increased BUB1B/BUBR1 expression contributes to aberrant DNA repair activity leading to re	células de cáncer de vejiga CRT-resistentes (T24R), análisis in vivo en tumores		inhibición de ATM con AZD0156; CRISPR/cas9 para análisis de reparación de ADN	abrogación del crecimiento tumoral en células CRT-resistentes T24R mediante inhibición de ATM	False	aumento de BUB1B/BUBR1 favorece reparación mutagénica del ADN (NHEJ) que contribuye a resistencia a quimio-radioterapia en cáncer de vejiga	BUB1B/BUBR1 upregulation drives mutagenic NHEJ-dependent CRT resistance via ATM
34987580	2022	Weighted Gene Correlation Network Analysis Identifies Specific Functional Modules and Gene	análisis bioinformático de datos TCGA y GSE38129 (muestras de cáncer de esófago humano)				False	Genes asociados a progresión del cáncer de esófago; senescencia celular como vía carcinogénica; BUB1B (ortólogo de BubR1) entre los 10 genes hub con asociación a estadificación patológica y pronóstico	linked to cell cycle progression and carcinogenic pathways like p53 signaling pathway, cellular senescence, and apoptosis
35068350	2022	BUB1B (BUB1 Mitotic Checkpoint Serine/Threonine Kinase B) promotes lung adenocarcinoma by 	células humanas (LUAD), xenotrasplante en ratón		knockout de BUB1B, silenciamiento de ZNF143, sobreexpresión de BUB1B	supresión de proliferación, migración e invasión celular in vitro; inhibición del crecimiento tumoral in vivo	False	BUB1B contribuye a iniciación y desarrollo de cánceres; alta expresión de BUB1B asociada a menor supervivencia en pacientes con LUAD	BUB1B regulates glycolysis in LUAD and interacting with ZNF143
35095717	2022	Overexpression of SKA Complex Is Associated With Poor Prognosis in Gliomas.	bases de datos (Oncomine, UALCAN, cBioPortal) - pacientes con gliomas				False	Sobreexpresión de SKA complex asociada con pobre pronóstico en gliomas; expresión elevada de SKA1 y SKA3 correlacionada con menor supervivencia	SKA complex involved in nuclear division, chromosome segregation, and DNA replication
35460921	2022	Spindle and Kinetochore-Associated Complex Is Associated With Poor Prognosis in Adrenocort					False	High expression of SKA complex associated with poor prognosis in adrenocortical carcinoma (ACC); overexpression linked to chromosome segregation pathways	High expression is correlated with poor patient prognosis
35619603	2022	Identification of Key Genes Associated With Early Calf-Hood Nutrition in Subcutaneous and 	null	null	null	null	False	null	
35639235	2022	SIRT1 regulates mitotic catastrophe via autophagy and BubR1 signaling.	células en cultivo con bloqueo G2/M inducido por BMH-21	SIRT1 se une al promotor de BubR1 para upregular su expresión; la sobreexpresión de BubR1 disminuye la catástrofe mitótica mientras que su knockdown la aumenta	sobreexpresión de SIRT1, knockdown de SIRT1, inducción de autophagia por inanición sérica, knockdown de ATG5/7, sobreexpresión de BubR1, knockdown de BubR1	sobreexpresión de SIRT1 alivia catástrofe mitótica y dispara autophagia; knockdown de SIRT1 agrava catástrofe mitótica y reprime autophagia; knockdown de ATG5/7 suprime autophagia llevando a mayor catástrofe mitótica	False	SIRT1, autophagia y BubR1 como potenciales dianas terapéuticas contra cáncer	SIRT1 regulates mitotic catastrophe through autophagy and BubR1 signaling
35706790	2022	Identification of hub genes associated with bladder cancer using bioinformatic analyses.					False	Sobreexpresión de BUB1B, CCNB1, CDC20, y DLGAP5 reduce significativamente la supervivencia general en pacientes con cáncer de vejiga	cell senescence fue significativamente enriquecida en los DEGs
35912011	2022	PLK4 is a key molecule in the formation of PGCCs and promotes invasion and migration of pr	líneas celulares de cáncer colorrectal (LoVo y Hct116)		tratamiento con bufalina; knockdown de PLK4	bufalina induce formación de PGCCs; PLK4 knockdown reduce expresión de CDC25C y sus formas fosforiladas	False	PLK4 asociado con metástasis de ganglios linfáticos en tejidos CRC humanos; PGCCs y células derivadas con alta capacidad de migración, invasión y proliferación	PLK4 contributes to PGCC formation by regulating CDC25C expression
35913887	2022	Germline Missense Variants in CDC20 Result in Aberrant Mitotic Progression and Familial Ca	células HeLa, fibroblastos dérmicos primarios de portadores, ratones heterocigotos N331K		variantes missense CDC20 (L151R y N331K); generación de ratones CRISPR-Cas9 con variante N331K	promoción de mitotic slippage en células; aceleración de oncogenicidad en ratones heterocigotos portadores de Myc-driven cancers; homocigotos no viables	False	variantes CDC20 como genes promotores de tumores; segregación con tumores germinales ováricos; predisposición celular a transformación	mutantes comprometen el spindle assembly checkpoint y llevan a mitotic progression aberrante
36302822	2022	Tracking footprints of artificial and natural selection signatures in breeding and non-bre					False		
36431124	2023	Retrospective Analysis of Prognostic Factors in Pediatric Patients with Adrenocortical Tum	pacientes pediátricos con tumores adrenocorticales (95 casos)				True	Asociación de baja expresión BUB1B-PINK1 (<6.95) e hiperexpresión IGF-IR con comportamiento maligno en tumores adrenocorticales pediátricos	baja expresión BUB1B-PINK1 e IGF-IR asociadas con malignidad
36539842	2022	Insufficient HtrA2 causes meiotic defects in aging germinal vesicle oocytes.	ratón - ovocitos en vesícula germinal (GV), jóvenes y envejecidos	En ovocitos jóvenes con HtrA2 reducido, se observó significativamente más BubR1 en cinetocoros, indicando activación del checkpoint de ensamblaje del huso. La deficiencia de HtrA2 con la edad contribuye al fallo reproductivo.	knockdown de HtrA2 mediante siRNA en ovocitos jóvenes; sobreexpresión de HtrA2 en ovocitos envejecidos	Knockdown: bloqueo en metafase I, más BubR1 en cinetocoros, exrusión deficiente del primer cuerpo polar, desorganización del huso/cromosomas, aneuploidía. Sobreexpresión: rescate parcial de desorganización del huso/cromosomas y reducción de aneuploidía en ovocitos envejecidos.	False		HtrA2 is a key regulator of oocyte maturation, and its deficiency with age contributes to reproduction failure
37094517	2023	The establishment of mitotic errors-driven senescence depends on autophagy.	células jóvenes tratadas con H₂O₂, células envejecidas	Bub1b/BubR1 aumenta inicialmente como respuesta al estrés oxidativo, seguido de degradación dependiente de autofagia; disminuye naturalmente con la edad	tratamiento con H₂O₂ (estrés oxidativo exógeno); inhibición de autofagia (implícita en el análisis de degradación)	aumento de errores mitóticos, aneuploidía, centrosomas supernumerarios; fallo del checkpoint del huso mitótico ante venenos del huso	False	senescencia como barrera contra transformación celular	autofagia-dependiente degradación de Bub1b/BubR1 durante envejecimiento
37118121	2023	Unique progerin C-terminal peptide ameliorates Hutchinson-Gilford progeria syndrome phenot	células HGPS, ratones LmnaG609G/G609G	BUBR1 se reduce durante la senescencia celular en HGPS; el BUBR1 restante queda anclado a la membrana nuclear por progerin, limitando su función	péptido C-terminal único de progerin (UPCP) que bloquea la interacción progerin-BUBR1	inhibición de senescencia celular, amelioración de fenotipos progeroides, extensión de la lifespan en ratones	False		UPCP inhibited HGPS cellular senescence and ameliorated progeroid phenotypes
37151120	2023	Caspase cleaves Drosophila BubR1 to modulate spindle assembly checkpoint function and life	Drosophila (mosca de la fruta)	La escisión de BubR1 mediada por caspasas limita la vida útil del organismo; moscas con BubR1 resistente a escisión muestran lifespan extendido	Generación de moscas con BubR1 resistente a escisión por caspasas	Lifespan extendido en las moscas	False		caspase-mediated cleavage of BubR1 limits spindle assembly checkpoint and organismal lifespan
37228122	2023	Inferring evolutionary trajectories from cross-sectional transcriptomic data to mirror lun	datos transcriptomicos transversales de adenocarcinoma pulmonar humano (LUAD), tres cohortes independientes		sobreexpresion de BUB1B, BUB1 y BUB3	promocion de proliferacion de celulas tumorales y metastasis mediante alteracion del checkpoint del ensamblaje del huso mitótico	False	sobreexpresion de genes del checkpoint mitótico (BUB1B, BUB1, BUB3) promueve progresion del adenocarcinoma pulmonar, tumores evolucionan mediante expansion clonal y acumulacion de mutaciones	overexpression of BUB1B, BUB1 and BUB3 promoted tumor cell proliferation and metastases
37304238	2023	Comprehensively analyzing the genetic alterations, and identifying key genes in ovarian ca					False	BUB1B sobreexpresado identificado como factor tumor-promotor en cáncer ovárico	4 hub genes como potenciales biomarcadores y targets terapéuticos en cáncer ovárico
37525917	2026	In Silico Insight to Identify Potential Inhibitors of BUB1B from Mushroom Bioactive Compou					False	Overexpression of BUB1B observed in various cancer types; inhibition induces cancer cell death; potential strategy for overcoming chemotherapy and radiation resistance	lepitaprocerin D identified as potential novel inhibitor for BUB1B
37853361	2023	BUB1, BUB1B, CCNA2, and CDCA8, along with miR-524-5p, as clinically relevant biomarkers fo	células humanas (Ishikawa de carcinoma endometrial)		sobreexpresión e inhibición de miR-524-5p	sobreexpresión de miR-524-5p inhibió viabilidad, migración e invasión celular; inhibición mostró resultados opuestos	False	BUB1, BUB1B, CCNA2, CDCA8 correlacionados con pronóstico en carcinoma endometrial; sobreexpresión de miR-524-5p reduce migración e invasión	miR-524-5p can target and regulate these four genes
38009412	2023	SIRT2 transgenic over-expression does not impact lifespan in mice.	ratón transgénico SIRT2 sobre-expresado en fondo silvestre (wild-type) y en hipomorfo BubR1	La sobre-expresión de SIRT2 en el modelo hipomorfo BubR1 rescata aspectos de salud e incrementa la longevidad mediante una interacción específica que mejora la estabilidad de la proteína BubR1	Sobre-expresión transgénica de SIRT2	En fondo silvestre: sin impacto en salud o longevidad en machos y hembras. Cambios bioquímicos en metabolitos cerebrales sin traducirse en diferencias funcionales	False		estrategias para aumentar niveles de SIRT2 pueden no llevar a mayor longevidad
38334966	2024	BubR1 controls starvation-induced lipolysis via IMD signaling pathway in Drosophila.	Drosophila, cuerpo graso adulto		Depleción de BubR1 (cuerpo completo y específica en cuerpo graso)	Aumento de degradación lipídica y acortamiento de la lifespan bajo ayuno	False		BubR1 regula la lipolisis inducida por inanición vía vía de señalización IMD
38711083	2024	Positive feedback regulation between glycolysis and histone lactylation drives oncogenesis	células de PDAC in vitro e in vivo (xenoinjertos en ratón)		inhibición de glucólisis, knockdown de LDHA, knockdown o sobreexpresión de TTK y BUB1B	supresión de actividad glucolítica, efectos anti-tumor in vitro e in vivo, reducción de H3K18la	False	lalactilación H3K18la elevada se asocia con mal pronóstico; el bucle de retroalimentación positiva exacerba la disfunción en PDAC	glycolysis-H3K18la-TTK/BUB1B positive feedback loop exacerbates dysfunction in PDAC
39043653	2024	BUB1b impairs chemotherapy sensitivity via resistance to ferroptosis in lung adenocarcinom	células de adenocarcinoma de pulmón (in vitro) y ratones BALB/c nude con tumores subcutáneos (in vivo)		sobreexpresión de BUB1b; inhibición de NRF2 con ML385 combinado con quimioterapia	aumento de viabilidad celular con sobreexpresión; inhibición del crecimiento tumoral y mejora de supervivencia con ML385 + quimioterapia	False	BUB1b identificado como oncogén; promueve progresión de adenocarcinoma de pulmón; confiere resistencia a ferroptosis y quimioterapia	BUB1b estabiliza la vía de señalización NRF2 para facilitar insensibilidad a ferroptosis y quimioterapia
39437971	2024	Senolytic therapy preserves blood-brain barrier integrity and promotes microglia homeostas	ratón PS19 (modelo de tauopatía)		dasatinib + quercetin (D + Q), terapia senolítica	preservación de BBB, rescate del hipometabolismo cerebral de oxígeno, atenuación de atrofia cerebral, reducción de tau hiperfosforilada, cambio de microglía hacia estado homeostático, mejora de función cognitiva	False		senolytic treatment preserves BBB integrity and promotes microglia homeostasis
39489121	2024	The cell cycle inhibitor p21CIP1 is essential for irinotecan-induced senescence and plays 	líneas de glioblastoma múltiples, clones de LN229, muestras de pacientes (pareadas: tumores de novo y recurrentes)		irinotecan (inhibidor de topoisomerasa I); combinación irinotecan + BV6 (fármaco senolítico); análisis de escape de senescencia inducida por temozolomida	irinotecan induce p21CIP1 y senescencia en células resistentes a temozolomida; BV6 reduce significativamente la senescencia inducida por irinotecan; tiempo de progresión libre prolongado en pacientes tratados con irinotecan tras temozolomida	True		p21CIP1 es esencialmente necesario para inducción y mantenimiento de senescencia inducida por irinotecan
39490401	2024	BubR1 and SIRT2: Insights into aneuploidy, aging, and cancer.		BubR1 levels decline naturally with age; its loss is associated with age-related pathologies and influences genomic stability and cellular senescence			False	Aging is a significant risk factor for cancer due to heightened genomic instability; BubR1 and SIRT2 interaction represents a promising avenue for developing targeted therapies against age-related diseases, particularly cancer	BubR1 levels naturally decline with age and its loss is associated with age-related pathologies
39510246	2024	Early vascular aging in chronic kidney disease: focus on microvascular maintenance, senesc	ESKD patients (n=82) y controles no-CKD (n=70)		Tratamiento ex vivo con agentes senolíticos (Dasatinib + Quercetin)	Reducción del fenotipo secretor asociado a senescencia y cambio en el origen de vesículas extracelulares	True		Uremic microvasculature characterized by senescence signature
39546497	2024	Adolescents and young adults with sickle cell disease exhibit accelerated aging with eleva	adolescentes y adultos jóvenes con enfermedad de células falciformes (SCD), comparados con controles sin SCD				True		p16 dramatically higher in SCD vs. without SCD - gap of 43 years in biological age
39622416	2025	Senolytics rejuvenate aging cardiomyopathy in human cardiac organoids.	organoides cardíacos humanos derivados de iPSC (hCardioids) tratados con doxorubicina		tratamiento con senolytics: dasatinib y quercetin (D+Q)	reversión de estrés oxidativo, marcadores de senescencia, SASP; restauración de viabilidad, función contráctil, progenitores cardíacos y proliferación de cardiomiocitos	False		senolytics rejuvenated aged-hCardioids restoring structure and function
39753942	2025	Aneuploidy-driven gene expression profiling in human blastocysts: insights from RNA-Seq an	embriones humanos (blastocistos de parejas candidatas a PGT-A)				True		Transcripción, ubicuitinación, autofagia y reparación de ADN se regulan al alza en embriones aneuploides
39823170	2025	Characterization of Human Senescent Cell Biomarkers for Clinical Trials.	ensayo clínico en mujeres postmenopáusicas		dasatinib + quercetin (senolytics)	respuestas esqueléticas robustas en mujeres con mayor expresión de p16_variant 5 en células T	True		p16_variant 5 más predictivo de respuestas al tratamiento que p16_variant 1+5
39827329	2025	Cellular Senescence Contributes to Colonic Barrier Integrity Impairment Induced by Toxopla	ratón C57BL/6J infectado con Toxoplasma gondii		terapia senolytica con dasatinib y quercetin (DQ) para reducir celulas senescentes	mejora significativa de las alteraciones patologicas colónicas inducidas por T. gondii	False		senolytic therapy exerts a therapeutic effect on intestinal pathological lesions
39846383	2025	Senolytic Targeting of Anti-Apoptotic Bcl Family Increases Cell Death in UV-Irradiated Sen	melanocitos UV-irradiados in vitro		ABT-737 y ABT-263 (inhibidores Bcl anti-apoptóticos)	reducción de melanocitos senescentes SA-β-Gal positivos, disminución de p16INK4A y p21Waf1, aumento de caspasa-3 escindida	False		ABT-737 and ABT-263 eliminate senescent melanocytes through caspase-mediated apoptosis
39903759	2025	Chromosome Missegregation Triggers Tumor Cell Pyroptosis and Enhances Anti-Tumor Immunothe	celulas de cancer colorrectal (in vitro e in vivo)	BUB1B (ortólogo de BubR1) promovido por YY2 aumenta la misegregación cromosómica	sobreexpresion de YY2 para inducir misegregación cromosómica; combinado con inhibidor de PD-1	piroptosis de células tumorales, refuerzo del microambiente inmunológico tumoral, mayor infiltración y citotoxicidad de células CD8+ T, eficacia mejorada de inmunoterapia con inhibidor de puntos de control	False	La misegregación cromosómica es común en tumores sólidos; el estudio demuestra que promoverla mediante YY2 mejora respuesta a inmunoterapia en cáncer colorrectal	YY2-induced chromosome missegregation triggers pyroptosis, enhancing anti-tumor immunotherapy
39937017	2025	The Role of Senescence in Experimental Periodontitis at the Causal Level: An in Vivo Study	ratón P16-3MR (modelo transgénico con promotor p16INK4a)		Eliminación selectiva de células p16INK4a-positivas (senescentes) mediante tratamiento con ganciclovir (GCV)	Disminución de inflamación y mitigación de pérdida ósea alveolar	False		Clearance of senescent cells alleviates inflammation and mitigates bone loss
39939243	2025	From bench to bedside: The critical need for standardized senescence detection.			senolyticos (eliminacion de celulas senescentes)	mitigar declive relacionado con la edad	False	senescencia reconocida por sus roles en supresion de tumores	senescence research faces critical challenges because of inconsistent detection methods
39996851	2025	Ganoderma lucidum Extract Modulates Gene Expression Profiles Associated with Antioxidant D	células humanas (fibroblastos dérmicos humanos inducidos a senescencia con etoposida)		Tratamiento con extracto de Ganoderma lucidum (Reishi) durante 14 días	Upregulación de genes antioxidantes (HO-1, γGCS-L, NQO1), supresión de p16INK4a, reducción de células senescentes (por β-galactosidasa)	False		Reishi extracts significantly upregulated antioxidant and cytoprotective genes
40018943	2025	Targeting the AURKB-MAD2L2 Axis Disrupts the DNA Damage Response and Glycolysis to Inhibit	líneas celulares de cáncer colorrectal (CRC)		knockdown de AURKB; sobreexpresión de MAD2L2	knockdown de AURKB inhibió comportamiento celular, indujo arresto G1, aumentó estrés oxidativo y apoptosis, alteró glucólisis; sobreexpresión de MAD2L2 revirtió parcialmente estos efectos	False	cáncer colorrectal (CRC); el trabajo estudia progresión tumoral y propone inhibición como estrategia terapéutica	AURKB regula progresión CRC modulando glucólisis y vías DDR
40056529	2025	BUB1B promotes cisplatin resistance in gastric cancer via Rad51-mediated DNA damage repair	células de cáncer gástrico (GC) y modelo de xenoinjerto in vivo		sobreexpresión y knockdown de BUB1B; inhibidor de Rad51 (B02)	BUB1B overexpression aumentó supervivencia celular, resistencia a cisplatino y desarrollo tumoral; BUB1B knockdown inhibió reparación de DNA y aumentó muerte celular; B02 inhibió crecimiento celular	False	BUB1B overexpression enhances tumor development in vivo; targeting BUB1B may reduce cisplatin resistance in gastric cancer	BUB1B enhances cisplatin resistance in gastric cancer by regulating DNA repair
40077862	2025	Cellular Senescence Is a Central Driver of Cognitive Disparities in Aging.	ratones C57Bl/6N (machos y hembras)		clearance de celulas senescentes con dasatinib y quercetin (senoliticos)	amelioracion de la heterogeneidad en rendimiento cognitivo, atenuacion de gliosis asociada a deterioro, reduccion de marcadores de senescencia y disfuncion mitocondrial	False		senolytic treatment is an effective therapeutic strategy to mitigate cognitive impairment
40140889	2025	A novel senotherapeutic strategy with azithromycin for preventing endometriosis progressio	ratón endometriosis, células humanas (nESCs, eESCs, CSCs)		azitromicina (AZM) y navitoclax (ABT263)	AZM redujo volumen de lesiones endometriósicas, disminuyó expresión de IL-6, actividad proliferativa (Ki67) y fibrosis	False		cellular senescence is involved in the pathogenesis of endometriosis
40348745	2025	Cellular senescence promotes macrophage-to-myofibroblast transition in chronic ischemic re	ratones INK-ATTAC con estenosis de arteria renal (RAS); células epiteliales tubulares renales proximales humanas (HRPTEpiC)		Eliminación selectiva de células senescentes (p16+) con AP20187; silenciamiento de IFITM3 e ITGB3 mediante siRNA	Disminución de marcadores de MMT, fibrosis renal y creatinina plasmática; aumento de perfusión renal	False		p16-expressing macrophages regulate interstitial fibrosis in RAS via MMT
40606604	2025	Recent advances in dermal fibroblast senescence and skin aging: unraveling mechanisms and 	fibroblastos dérmicos humanos (in vitro)		senolyticos, intervenciones basadas en vesiculas extracelulares, reprogramacion metabolica		False		senescent fibroblasts release growth factors, matrix-degrading enzymes, and pro-inflammatory cytokines
40607964	2025	BubR1 Insufficiency Drives Transcriptomic Alterations and Pathology Associated With Cardia	ratón hipomórfico BubR1, cardiomiocitos humanos in vitro, pacientes con insuficiencia cardíaca	Insuficiencia de BubR1 aumenta marcadores de senescencia celular; niveles de BubR1 disminuyen con la edad en el corazón	Reducción de BubR1 en ratones hipomórficos y cardiomiocitos in vitro	Hipertrofia cardíaca, aumento de fibrosis, elevación de marcadores de senescencia, alteraciones transcriptómicas en vías de función cardíaca	False		BubR1 deficiency is a feature of cardiac aging and disease in humans
40624910	2025	Senescent Microglia Mediate Neuroinflammation-Induced Cognitive Dysfunction by Selective E	ratón C57BL/6J con neuroinflammation inducida por lipopolisacáridos		tratamiento con ABT-737 (senolítico) para eliminar microglia senescente	alivio de fenotipos secretorios asociados a senescencia, reducción de microglia senescente, restauración de transmisión sináptica excitadora, potenciación a largo plazo y función cognitiva	False		reducir microglia senescente previene disfunción cognitiva inducida por neuroinflammation
40643463	2025	Molecular Regulation of SASP in Cellular Senescence: Therapeutic Implications and Translat			senolytics y senomorphics (eliminacion de celulas senescentes)	targeting senescence may represent a promising strategy for treating various diseases, improving health outcomes	False	increased activity of cyclin inhibitors like p16 and p21 serves as a protective mechanism against cancer, but prolonged activation can lead to pathological effects	targeting senescence may represent a promising strategy for treating various diseases
40702150	2025	Significant prognostic value of cell-cycle proteins in early-stage small cell carcinoma of	carcinoma de células pequeñas de cérvix (SCCC), 88 muestras de tejido humano				True	BUBR1 es marcador pronóstico independiente para supervivencia específica de cáncer en carcinoma de células pequeñas de cérvix; expresión elevada correlaciona con peor pronóstico	expression of CDC20, MAD2L1 and BUBR1 were correlated to survival outcomes
40713812	2025	Extracellular vesicles from ovarian cancer cells induce senescent lipid-laden macrophages 	células de cáncer ovárico, macrófagos, adipocitos, sistema de co-cultivo paciente-derivado de omento-macrófago, experimentos in vivo		inhibición de CD36, terapia senolítica	inhibición de CD36 y terapia senolítica atenuaron metástasis omental	False	tropismo metastásico por el omento en cáncer ovárico; sobrerregulación de CD36 correlacionó con metástasis omental y pobre supervivencia	EVs promueven formación de macrófagos senescentes lipídicos mediante captación lipídica mediada por CD36
40744332	2025	High glucose-induced mitochondrial fission drives pancreatic cancer progression through th	pancreatic cancer animal models with diabetes/high glucose feeding, pancreatic cancer cell lines, tumor samples from pancreatic cancer patients with diabetes mellitus				True	High glucose levels promote pancreatic cancer progression; diabetes mellitus is a critical risk factor for pancreatic cancer; DM + PC group exhibited significantly worse overall survival	High glucose increases expression of p-DRP by inhibiting p-AMPK and affecting mitochondrial fission and lactic acid levels
40812730	2025	BUB1B promotes gemcitabine resistance in lung adenocarcinoma and activates the PI3K/AKT si	células humanas de adenocarcinoma pulmonar (LUAD), ensayo in vitro e in vivo		sobreexpresión y silenciamiento de BUB1B	inhibición de BUB1B aumenta sensibilidad a gemcitabina, incrementa apoptosis, reduce proliferación e invasión	False	BUB1B asociado con peor pronóstico en LUAD; regulación de sensibilidad a gemcitabina en cáncer de pulmón	inhibición de BUB1B aumenta sensibilidad a gemcitabina mediante PI3K/AKT
40846007	2025	Comprehensive transcriptomic analysis of the hypothalamic-pituitary-ovarian axis reveals t	células granulosa de folículos ováricos en pollos Wuding; análisis transcriptómico de hipotálamo, glándula pituitaria y ovario		sobreexpresión y silenciamiento de AURKB (Aurora Kinase B)	AURKB promovió síntesis de hormonas esteroides (estradiol y progesterona), mejoró proliferación de células granulosa e inhibió senescencia y apoptosis	False		AURKB inhibited granulosa cell senescence and apoptosis
41039629	2025	Reprogramming cellular senescence and aging clocks for advanced cancer immunotherapy.			senoliticos dirigidos a celulas senescentes del estroma; utilizacion de relojes de envejecimiento para adaptar inmunoterapias		False	celulas senescentes inhiben tumores tempranos pero promueven progresion maligna avanzada; inflamacion cronica permite escape inmunitario	senescent cells inhibit early tumors but promote advanced malignant progression
41139485	2025	Deciphering the nexus of aging and pan-cancer: Single-cell sequencing reveals microenviron	modelos murinos (murine models), bases de datos de secuenciación unicelular (TCGA, GEO)		estrategias senolíticas para deplecionar células senescentes	mejora de la respuesta a fármacos 3.5 veces en ensayos preclínicos	False	el envejecimiento es factor de riesgo mayor para cáncer; 60% de nuevas malignidades en adultos ≥65 años; aceleración de metástasis 40-70% en modelos murinos; correlación de firmas de envejecimiento con supervivencia 30-50% peor	senescent cells accumulate in aged tissues at frequencies up to 15%, driving genomic instability
41144123	2026	Integrated transcriptomic and immunoinformatics analysis identifies tpx2, bub1b, and ube2c	endometrial carcinoma (EC) - análisis bioinformático con validación en tejidos				False	bub1b, tpx2, y ube2c asociados con pobre supervivencia y evasión inmunológica tumoral	bub1b, tpx2, and ube2c are promising biomarkers for EC diagnosis and prognosis
41150027	2025	Multifactorial Imaging Analysis as a Platform for Studying Cellular Senescence Phenotypes.	células in vitro (fibroblastos primarios de donantes jóvenes y ancianos, envejecimiento replicativo por pasajes seriales, estrés genotóxico bajo deprivación sérica)				False		plataforma de imagen multifactorial para caracterizar fenotipos de senescencia celular
41163302	2025	BUB1B Promotes Ovarian Cancer Cell Proliferation and Metastasis by Activating the Wnt/&#x3	líneas celulares de cáncer ovárico, experimentos in vitro e in vivo		knockdown de BUB1B, sobreexpresión de BUB1B, inhibidor Wnt/β-catenina (LGK974)	knockdown suprimió proliferación, migración, invasión, crecimiento tumoral y metástasis; la sobreexpresión promovió comportamiento maligno, revertido por LGK974	False	BUB1B promueve progresión del cáncer ovárico; alta expresión correlaciona con peor pronóstico	BUB1B promueve la progresión del cáncer ovárico vía vía Wnt/β-catenina
41168880	2026	Integrative Omics Reveal Female-Specific Benefits of p16+ Cell Clearance in Aging Mice.	ratones (modelo p16-3MR)		eliminación selectiva de células p16+	mejora de fuerza de agarre, promoción de regeneración cutánea, reducción de daño hepático (exclusivamente en hembras); expresión hepática desplazada hacia perfiles juveniles con mayor actividad mitocondrial y señalización inflamatoria reducida	False		p16+ cells as critical drivers of tissue aging, uncover sex-specific differences
41184881	2025	HROB is a novel prognostic biomarker correlated with immune cell infiltration and tumor pr	líneas celulares de LUAD y análisis de tejidos de pacientes		knockdown de expresión de HROB	inhibición de proliferación, migración e invasión celular en LUAD	False	HROB promue tumoral, asociado con progresión tumoral y resultados clínicos adversos	HROB is upregulated in LUAD and represents a promising prognostic biomarker
41187746	2025	Senolytic-sensitive p16Ink4a+ fibroblasts in the tumor stroma rewire lung cancer metabolis	ratón con LUAD (adenocarcinoma de pulmón) impulsado por mutaciones Kras y p53; células humanas LUAD		XL888 (inhibidor de HSP90) para eliminar fibroblastos asociados a cáncer p16Ink4a+	Reducción significativa de la carga tumoral y pérdida de células tumorales plásticas	False	Las células senescentes p16Ink4a+ en el estroma tumoral promueven tumorigenesis al reprogramar el metabolismo del cáncer de pulmón hacia un estado plástico/desdiferenciado asociado con progresión	Senescent p16Ink4a+ fibroblasts promote fatty acid uptake by lung adenocarcinoma
41229848	2025	NUF2 promotes the malignant development of lung adenocarcinoma through the mTORC1 signalin	células LUAD (A549, PC-9, NCI-H1975) y ratones desnudos		silenciamiento de NUF2, sobreexpresión de BUB1B	silenciamiento de NUF2 suprimió proliferación, migración e invasión, promovió apoptosis; inhibió crecimiento tumoral in vivo	False	NUF2 regulado positivamente en cáncer de pulmón; NUF2 impulsa progresión de adenocarcinoma pulmonar	NUF2 drives LUAD progression via BUB1B-mediated mTORC1 activation
41270738	2025	Endothelial senescent-cell-specific clearance alleviates metabolic dysfunction in obese mi	ratones transgénicos Tie2-Cre;p16Ink4a-LOX-ATTAC (obesos y delgados); trasplante de células endoteliales senescentes		eliminación selectiva de células endoteliales senescentes p16Ink4a+; fisetin (senolítico); trasplante de células endoteliales senescentes	atenuación del fenotipo secretor asociado a senescencia; alivio de disfunción metabólica; reducción de inflamación en tejido adiposo; mejora del metabolismo de glucosa	False		Eliminación selectiva de células endoteliales senescentes es estrategia terapéutica potencial
41285333	2025	TOP2A, BUB1B, CENPF, KIF15 and MELK: Key senescence-related genes linked to prognosis and 	células LUAD (línea celular de adenocarcinoma de pulmón)		knockdown de TOP2A	inhibición de viabilidad, migración e invasión de células LUAD	False	adenocarcinoma de pulmón; genes identificados asociados a progresión tumoral e infiltración inmune	cinco genes hub (BUB1B, CENPF, KIF15, MELK, TOP2A) vinculados a senescencia
41460207	2026	Cellular senescence meets infection: highlights from the 10th annual International Cell Se			senoliticos o senomorficos (estrategias terapeuticas)	pueden aliviar el daño tisular asociado a infección	False		senescence and infection emerged as a recurring highlight linking diverse sessions
41462575	2025	Senolytic-Resistant Senescent Cells Have a Distinct SASP Profile and Functional Impact: Th	células humanas (preadipocitos senescentes, HUVECs), ratones obesos		inhibidor JAK/STAT (Ruxolitinib), senolytics (Dasatinib, Quercetin), trasplante de células senescentes resistentes a senolytics	Ruxolitinib reduce SASP pro-inflamatorio; células resistentes a senolytics tienen SASP menos pro-inflamatorio/apoptótico, liberan menos mtDNA, expresan más GPNMB; trasplante causa menor disfunción física que población SC total	False		senolytic-resistant y senolytic-sensitive cells aparecen interconvertibles
41533300	2026	The MAD2L1-FOXM1 axis negatively regulates CD4&#x207a; T cell and macrophages infiltration	análisis bioinformático en LUAD (adenocarcinoma de pulmón); bases de datos: ENCORI, GEPIA2, TIMER2.0, KM Plotter, Spring Viewer, GSCA				False	Alto MAD2L1 y panel de genes positivos correlacionan con infiltración reducida de células T CD4+ y supresión inmunológica en adenocarcinoma de pulmón	MAD2L1 axis emerges as a potential driver of immune exclusion in LUAD
41545558	2026	Translational evaluation of BUB1B as a precision medicine biomarker for hepatocellular car	datos clínicos HCC (TCGA + cohorte independiente de validación)		inhibidores selectivos de BUB1B	supresión de MAPK: HRAS 60%, ERK1/2 40-60%, p38 30-60%	True	BUB1B sobreexpresado en 19 tipos tumorales; predice mal pronóstico en HCC (HR=1.39); asociado a inestabilidad genómica	BUB1B as clinically actionable biomarker for risk stratification in HCC
41564845	2026	Senolytics, dasatanib plus quercetin, reduce kidney inflammation, senescent cell abundance	ratón C57BL/6J con diabetes inducida por estreptozotocina; cultivos celulares humanos (HK2, HUVECs, macrófagos U937); ensayo clínico piloto en pacientes con DKD		dasatinib más quercetina (D+Q) administrado por gavage oral; se midieron efectos en células senescentes in vitro	mejoría de función renal, reducción de marcadores de injuria renal, fibrosis, senescencia (p16Ink4a), inflamación asociada a macrófagos y senescencia; aumento de factores geroprotectores (α-Klotho, Sirtuin-1)	True		"""hit-and-run"" senolytic treatment with D+Q improved kidney function and mitigated murine DKD"
41620649	2026	Senogenic-senolytic treatment strategies enhance tumor control and can improve survival in	modelos de cancer en vivo en raton (xenoinjertos y modelos de cancer espontaneo): colorectal, mama, ovario, pulmon, melanoma, meningioma, prostata, cabeza y cuello, vejiga, pancreatico, hepatocelular		combinacion de farmaco senolitico + senogenico (PARP inhibidor, inhibidor CDK4/6, inhibidor BCL-2, mimetico BH3, inhibidor BET)	reduccion de carga tumoral, disminucion de marcadores de senescencia (SA-β-gal, p21, p53, p16INK4a), supresion de IL-6 (citocina SASP), reduccion de Ki-67, aumento de Caspase-3, disminucion de BCL2, elevacion de γ-H2AX	False	la senescencia inducida por tratamiento terapeutico contribuye a progresion tumoral; la combinacion senolitica+senogenica reduce carga tumoral y carga de celulas senescentes mientras promueve apoptosis	senolytic co-treatment consistently reduced tumor burden compared with senogenic alone
41704477	2026	Inflammatory cytokines secreted from senescent periodontal ligament cells influence the os	ratón C57BL/6J (2 meses vs 16 meses); células PDL humanas; cultivo 3D de bloque		Dasatinib y Quercetin (D+Q) administrados a ratones de 12 meses durante 4 meses	Aumento significativo del número y longitud de canalículos por osteocito; aumento de expresión E11; supresión de esclerostina	False		SASP factors from senescent PDLCs contribute to age-related LCN deterioration
41797680	2026	Changes in Cellular Senescence Biomarkers Across Individuals at Different Stages of HIV In	cohort clínico: 39 personas con VIH (infección primaria, crónica y avanzada) + 13 controles HIV-negativos		Terapia antiretroviral (ART) durante un año	Reducción de marcadores de senescencia en infección primaria; persistencia de senescencia celular y SASP en infecciones crónica y avanzada a pesar de ART	True		HIV infection promotes persistent cellular senescence despite ART in advanced and chronic infection
41827050	2026	Single-cell transcriptomics reveals lipid metabolism reprogramming in macrophages in vitro	macrófagos de ratón infectados in vitro con Leishmania donovani	Bub1b (ortólogo de BubR1) se activa durante la infección, sugiriendo que la infección inicia senescencia celular			False		aging-related genes Plk1, Cenpa, Bub1b, H2afx, and Cdkn2d were activated
41878504	2026	Neurosenescence, inflammaging and neuroinflammation in neurodegenerative disorders.					False		
41898560	2026	Molecular Characterization of Soft Tissue Sarcomas Using RNA-Based Next-Generation Sequenc					True	Soft tissue sarcomas are rare malignant mesenchymal tumors	RNA-NGS provides biologically and clinically meaningful insights
41957276	2026	Elimination of senescent cells fails to attenuate disease progression in an ALS mouse mode	ratón transgénico hSOD1G93A		células CAR-T NKG2D para eliminar células senescentes	reducción de carga de células senescentes y supresión de SASP, sin mejora en función motora ni supervivencia	False		senescence is a pathogenic feature of ALS, it operates within an integrated disease network
41974671	2026	Dasatinib and quercetin senolytic treatment delays early onset intervertebral disc degener	ratón SM/J (modelo de degeneración discal de inicio temprano); también ratón C57BL/6 N; células de núcleo pulposo humanas degenerades in vitro		Dasatinib y Quercetin (DQ); Navitoclax (Nav.); inhibición in vitro de la vía JUN	DQ redujo grados de degeneración discal, disminuyó marcadores de senescencia (p19ARF, p21, SASP), mejoró viabilidad y fenotipo de células discales, retardó fibrosis del núcleo pulposo; Navitoclax no mostró mejora	False		senolytic treatment ameliorating local senescence and intervertebral disc fibrosis
41975562	2026	Trophoblast aging driven by IL33 deficiency elevates recurrent pregnancy loss risk through	ratón il33 knockout, citotrofoblastos humanos		metformina, dasatinib más quercetina (senotherapies)	restauración del desarrollo placentario y mejora de los resultados del embarazo	False		IL33-senescence-lactate axis as critical pathway in URPL pathogenesis
41979382	2026	Clearance of Senescent Cells by BCLXL-PROTAC: A Novel Approach to Treat COPD?	células humanas (células epiteliales de pequeñas vías aéreas y fibroblastos de pacientes con COPD); fragmentos de pulmón de precisión de pacientes con COPD		tratamiento con BCLXL-PROTAC (proteólisis dirigida para degradar BCLXL)	apoptosis de células senescentes a través de activación de caspasa 3; reducción de marcadores de senescencia (p21CIP1, p16INK4a, β-galactosidasa asociada a senescencia); aumento de Ki67 y proliferación celular; reducción de p21CIP1 en epitelio de vías aéreas	False		BCLXL-PROTAC es un agente senolítico potente y selectivo
41983084	2026	Genomic and transcriptomic insights into aflatoxin-induced intrahepatic cholangiocarcinoma					False	Aflatoxina implicada en iniciación tumoral, proliferación e inmunosupresión en colangiocarcinoma intrahepático; downregulation de BUB1B (>60%, p<0.014) en exposición a aflatoxina	Downregulation of F2 and BUB1B (reduced expression >60%, p < 0.014)
42011821	2026	Senolytics alleviate cyclophosphamide-induced premature ovarian insufficiency by eliminati	ratón con lesión ovárica inducida por ciclofosfamida (CY)		dasatinib y quercetina (DQ), combinación senolítica para eliminar células senescentes	Reducción de células senescentes y SASP; restauración de niveles de hormona sexual; normalización de ciclicidad estral en 60% de ratones CY+DQ vs ~15% en CY solo; aumento de folículos en todos los estadios de desarrollo	False		senescent cells drive CY-induced ovarian damage and DQ represents a promising therapeutic strategy
42039200	2026	The senescent niche hypothesis: microglial dysfunction and replacement strategies in drug-	rodent models, human surgical specimens		senolytic therapy (dasatinib plus quercetin), microglial depletion with CSF1R inhibitor followed by donor cell engraftment	senolytic clearance reduces seizure burden and can prevent epilepsy development	False		senescent microglia perpetuate epileptogenesis via SASP, establishing positive feedback loop
42069587	2026	Senescence dynamics define therapeutic windows for Duchenne muscular dystrophy in DBA/2-md	ratón DBA/2-mdx		dasatinib y quercetin (D+Q) en fases tempranas o tardías de la enfermedad	Tratamiento temprano: reduce carga de células senescentes, disminuye fibrosis, mejora tamaño de fibra y función contráctil en músculo esquelético. Tratamiento tardío: reduce senescencia y fibrosis cardíaca pero no mejora patología del músculo esquelético	False		temporally optimized senolytic strategies could serve as effective adjuncts to DMD treatments
42094953	2026	Beyond attenuation: a translational review of curative-intent pharmacological targets in i			dasatinib/quercetin (enfoque de geroscience dirigido a senescencia celular)		True		geroscience approach targeting cellular senescence has introduced a controversial new paradigm
42098153	2026	Elimination of senescent cells with senolytic drugs as adjunctive host-directed therapy re	ratones B6.Sst1S (hipomorfico Sst1) y ratones WT envejecidos		Cocktail de tres fármacos senolíticos (dasatinib, quercetin, fisetin) para eliminar células senescentes, como terapia adyuvante a tratamiento anti-tuberculosis	Prolongó supervivencia, redujo conteo de Mtb en pulmón, redujo patología pulmonar y marcadores de senescencia en ratones B6.Sst1S y WT envejecidos	False		senolytic drugs merit consideration for human clinical trials against TB
42101153	2026	Targeting Hyperoxia-Induced Cellular Senescence in Developing Human Airway Cells: Senomorp	células humanas de músculo liso de vía aérea fetal (fASM) de 18-22 semanas		Fucoidan, Dasatinib + Quercetin (D+Q), MitoQ	Fucoidan: disminuye p21 e inhibe SASP sin muerte celular. D+Q: disminuye β-Gal, p21 y PAI-1, causa muerte celular. MitoQ: previene aumento de marcadores de senescencia y SASP	False		estrategias viables distintas para contrarrestar senescencia inducida por hiperoxia
42101746	2026	Senolytic treatment with dasatinib and quercetin selectively improves cardiac autonomic ba	ratones C57BL/6J macho, dieta alta en grasa (HFD)		Dasatinib (5 mg/kg) + Quercetin (50 mg/kg) para eliminar células senescentes	Mejora del balance autonómico cardíaco (HRV), sin cambios en índices de SNA global ni presión arterial	False		senolytic therapy could be a potential therapeutic avenue for obesity-associated autonomic dysfunction
42108277	2026	T-Cell Immunosenescence in Systemic Lupus Erythematosus: Molecular Mechanisms and Therapeu			senolyticos (dasatinib, quercetin, fisetin) y senomorphics (rapamycin, JAK inhibitors)		False		T-cell immunosenescence as a key factor in SLE pathogenesis
42123658	2026	The Impact of Alternate-Day Fasting on the Salivary Gland Ductal Compartments and the Diff	ratón KRT5CreERT2; R26tdTomato con síndrome de Sjögren inducido		ayuno en días alternos (ADF)	alivio de la disfunción de glándulas salivales, disminución de p16INK4a, reducción de proteínas anti-apoptóticas y atenuación de la actividad del inflamasoma NLRP3	False		ADF favorablemente modula el nicho de células progenitoras de glándulas salivales
42133066	2026	Pharmacological targeting of the senescence-associated secretory phenotype in atherosclero	Estudios preclínicos (células endoteliales senescentes, células de músculo liso vascular, células espumosas en placas)		Senolytics (dasatinib + quercetina, fisetina, lanátósido C) y senomorphics (rapamicina, metformina, inhibidores JAK/STAT, inhibidores NF-κB)	Senolytics: disminuyen carga de células senescentes, reducen área de placa, limitan expansión de núcleo necrótico, mejoran estabilidad de placa. Senomorphics: ventajas comparables	False		Targeting SASP constitutes a rational strategy to alleviate residual inflammatory risk
42150021	2026	[The effect of geroprotectors on life expectancy: Mechanisms of action and clinical potent	modelos animales (preclinical); datos clínicos limitados en humanos		geroprotectores: senolytics (dasatinib + quercetin), senostatics, calorie restriction mimetics, antioxidants, hormetic agents; específicamente rapamycin, metformin, coenzyme Q10, sulforaphane, curcumin	aumento de lifespan, mejora de función fisiológica, efectos beneficiosos en senescencia celular, regulación metabólica, estrés oxidativo e inflamación	False		geroprotectors capable of targeting fundamental biological mechanisms of aging
42153573	2026	Feedback loops between DNMT1 and autophagy as well as senescence promotes organ aging and 	ratón envejecido, células HEK293T, melanocitos epidérmicos humanos		deleción genética de DNMT1, inhibición de DNMT1, tratamiento con senolyticos	reversión de la disminución de autofagia, reversión del aumento de senescencia, aumento de producción de melanina en folículos pilosos	False		DNMT1 protein increased in aged tissues causes decline of autophagy and increased senescence
42225652	2026	Insights into the therapeutic strategies for aging and aging-associated diseases.			senolyticos (dasatinib + quercetin), senomorphics (rapamycin), senoreversion (epigenetic reprogramming), metabolic interventions (spermidine, α-ketoglutarate, ergothioneine)	lifespan extension and healthspan improvement in preclinical models	False		senolytics, senomorphics, and senoreversion delay aging and mitigate disease risk
42231423	2026	Suppression of senescent metabolism of adipose tissue by rebalancing mitochondrial homeost	ratones envejecidos, adipocitos y explantes de tejido adiposo envejecido in vitro		Sistema de entrega selectiva basado en vesículas extracelulares funcionalizadas con péptido P3, entrega de dasatinib y quercetina al tejido adiposo envejecido	Inhibición de SASP en adipocitos y explantes envejecidos, restauración de función adipocitaria, mejora del rendimiento físico y capacidad metabólica basal en ratones envejecidos, atenuación de senescencia en tejido adiposo	False		drug-induced activation of mitophagy and reprogramming of cellular energy metabolism
42232301	2026	Pathogenesis of diabetic cardiomyopathy and emerging therapeutic strategies: a network-bas			senolyticos (dasatinib + quercetin), inhibidores SGLT2, agonistas GLP-1, targeting ferroptosis (irisin, alpha-lipoic acid), modulacion de lipid droplets, modulacion FXR		False		diverse programmed cell death pathways, cellular senescence, and cardiac autonomic neuropathy
42235613	2026	Senolytics ameliorate cognitive decline in D-galactose-induced aging mice by inhibiting as	ratón con envejecimiento acelerado por D-galactosa		dasatinib + quercetin (D+Q); inhibición de síntesis de colesterol en astrocitos	mejora significativa del rendimiento cognitivo; disminución de senescencia celular; reducción de acumulación lipídica intracelular y neuroinflammación	False		senolytics enhance cognitive function by modulating cholesterol biosynthesis in astrocytes
42235680	2026	Combined senolytics induce varied phenotypic and functional responses on senescent phenoty	células humanas (mesenchymal stem cells, MSCs) e in vivo en ratones		senolytics combinados: dasatinib y quercetin para eliminar células senescentes	aumento marcado de secreción de vesículas extracelulares y formación ósea prometedora; resultados inconsistentes en diferenciación osteogénica y adipogénica	False		senolytics clear senescent cells while leaving non-senescent cells unharmed
42240739	2026	Beyond scarring: a next-generation vision for pulmonary fibrosis management.			senolyticos (dasatinib/quercetin), celulas madre mesenquimales alta dosis, exosomas de esferoide celular acelular	promesa en modificar biologia de la enfermedad y mejorar resultados funcionales	True		senolytics show promise in modifying disease biology and improving functional outcomes
42263603	2026	KIF11 drives ovarian cancer progression and cisplatin resistance via the Wnt/&#x3b2;-caten	líneas celulares de cáncer ovárico (SKOV3, SKOV3-DDP)		silenciamiento de KIF11, sobreexpresión de KIF11, inhibición de Wnt/β-catenina con XAV-939, activación con LiCl	silenciamiento de KIF11 suprimió crecimiento celular, aumentó apoptosis, indujo arresto G2/M; sobreexpresión promovió fenotipo maligno y resistencia a cisplatino	False	KIF11 promueve progresión del cáncer ovárico y resistencia a cisplatino; potencial como biomarcador de progresión tumoral	KIF11 can promote the malignant phenotype and DDP resistance of tumor cells
42271269	2026	Prognostic significance of therapy-induced senescence and SASP dynamics in acute myeloid l	ensayo clínico - estudio de cohorte retrospectivo en 128 pacientes con leucemia mieloide aguda				True	senescencia inducida por quimioterapia crea microambiente pro-tumoral; acumulación de células senescentes promueve supervivencia leucémica y recaída	High senescence burden post-induction is a robust biomarker for poor outcomes
42272976	2026	Honokiol-loaded nanomicelles reprogram senescence and immune evasion in hepatocellular car	células Hepa1-6 (xenoinjertos en ratón)		nanomicelas cargadas con honokiol (HKL-nm), combinadas con dasatinib + quercetina (senolyticos)	reducción del volumen tumoral, supresión de marcadores de senescencia (p53, p16, p21), inhibición de fuga de ADNm citoplásmico, aumento de infiltración de células T CD8+ citotóxicas y células dendríticas maduras, supresión profunda de células mieloides supresoras	False	el fenotipo secretor asociado a senescencia promueve progresión tumoral y evasión inmunitaria; honokiol demuestra fuerte actividad antitumoral	HKL-nm suppressed senescence markers via Sirtuin 3-dependent pathway
42295646	2026	BUB1B is a novel prognostic-related biomarker and correlated with immune infiltrates in lu	células humanas (H1650 y A549)		sobreexpresión y knockdown de BUB1B	sobreexpresión: aumentó proliferación, invasión, migración; redujo apoptosis; promovió EMT. Knockdown: efectos opuestos	False	BUB1B vinculado a mal pronóstico en tumores; altos niveles de BUB1B indican peor resultado en adenocarcinoma de pulmón	BUB1B may be a critical factor in regulating immune function and may serve as a novel clinical prognostic marker
42310394	2026	Profiling the molecular and physiological effects of senolytic treatment on aged mice iden	ratones envejecidos		tratamiento con dasatinib y quercetin (D+Q)	reconfiguración inmunológica, atenuación de inflamación tisular, mejora de perfiles metabólicos, mitigación de hallazgos del envejecimiento	False		D+Q systematically attenuates several aging hallmarks in a tissue- and cell-type-specific manner
42314772	2026	Senescence as a regulatory mechanism in skeletal muscle repair in young mice.	ratón joven (modelo experimental de lesión muscular con cardiotoxina)		Eliminación de células senescentes mediante senolytics (Dasatinib + Quercetin) durante reparación muscular	Alteración de la cinética de reparación muscular: infiltración de macrófagos duplicada en D7, aumento significativo de células satélite y área fibrótica en D14, fibras eMHC+ elevadas en D28; sin diferencias funcionales (fuerza de agarre, área transversal)	False		Senescent cells may act as a regulatory mechanism in skeletal muscle
42320016	2026	Targeting Cellular Senescence Enhances Post-Burn Wound Healing in Aged Mice.	ratones adultos y envejecidos con quemadura térmica de espesor total		tratamiento senolítico con Dasatinib y Quercetin	reducción de 4,4 veces en células SA-β-Gal-positivas, aumento de expresión de α-SMA y Col1a1, mejora en cicatrización macroscópica	False		senolytic treatment reduced cellular senescence and improved wound healing
42324036	2026	Molecular senescence, neuroendocrine metaflammation, and skeletal muscle insulin resistanc					False		
42348390	2026	Cellular senescence links muscle atrophy and posttraumatic osteoarthritis after ACL injury	ratón ACL transection (anterior cruciate ligament); validación en pacientes humanos post-lesión ACL		Clearance de células senescentes con dasatinib y quercetin (D + Q)	Mitigación de atrofia muscular inducida por lesión y degradación de cartílago; mayor clearance de células senescentes en músculo que en cartílago	True		Cellular senescence as a strong therapeutic target to improve functional recovery
42364866	2026	Co-exposure to environmental lead and hypertension exacerbates anxiety and depression via 	ratones con exposición combinada a plomo e hipertensión		dasatinib y quercetin (régimen senolítico para eliminar células senescentes)	alivio significativo de déficits conductuales (ansiedad y depresión) inducidos por co-exposición a Pb e HTN	False		mtDNA-dependent cGAS phase separation driving astrocyte senescence
42370935	2026	Chronic hyperinsulinemia accelerates adipose senescence via mitochondrial dysfunction and 	3T3-L1 adipocitos, adipocitos derivados de células madre mesenquimales humanas, modelos de ratón, adiposo de individuos con diabetes tipo 2		Inhibición farmacológica o silenciamiento genético de cGAS/STING; tratamiento con Dasatinib y Quercetin	Reducción significativa de características inflamatorias y relacionadas con senescencia; atenuación del estrés mitocondrial y disfunción adiposa asociada	False		hiperinsulemia crónica induce disfunción mitocondrial temprana, seguida de activación cGAS-STING
42378907	2026	Senotherapeutic strategies for ovarian aging: Mechanistic insights and translational persp	preclinical (modelos animales y cultivos celulares no especificados)		senolytics (dasatinib + quercetin, navitoclax, fisetin) y senomorphics (rapamycin, metformin, melatonin, NLRP3 inhibitors)	preservación de la reserva ovárica, mitigación de inflamación mediada por SASP y fibrosis, extensión de la vida reproductiva (en estudios preclinicos)	False		senescence emerges as a central driver of ovarian aging
42386771	2026	Multi-omics profiling reveals systemic rejuvenation of the aged kidney through senolytic t	ratón naturalmente envejecido (aged mice)		dasatinib + quercetin (D+Q), terapia senolítica	reducción de marcadores de senescencia (p16, p21, SA-β-gal), restauración de Klotho, atenuación de fibrosis renal e inflamación, mejora de oxidación de ácidos grasos, reversión de firmas de envejecimiento transcripcional	False		D+Q restores renal homeostasis, emphasizing its potential as multifaceted intervention
42414534	2026	Co-exposure to cannabinoids and nicotine increases senescence in prenatal human lung devel	explantes de pulmón humano fetal (10-16 semanas de gestación)		exposición a cannabinoides (THC y CBD) y nicotina; senolytics (Dasatinib y Quercetin)	reducción de fenotipo asociado a senescencia, expresión de genes de senescencia y activación de la vía de interferón; reversión parcial del daño	False		co-exposición a nicotina y cannabis induce un fenotipo senescente-like y respuesta de daño de ADN
42442548	2026	Enhancing insulin sensitivity by reducing adipocyte senescence using uPAR-targeted nanopar	ratones obesos inducidos por dieta alta en grasas (high-fat-diet-induced obese mice)		nanopartículas dirigidas a uPAR co-encapsuladas con dasatinib y quercetin para eliminar células senescentes	mejoría de la sensibilidad a insulina, reducción de inflamación, restauración de la homeostasis metabólica	False	uPAR vinculado a cáncer; terapia dirigida a células senescentes inducidas por estrés oncogénico	uPAR como regulador clave de senescencia celular inducida por estrés oncogénico, quimioterapia o envejecimiento
42450166	2026	HURP Silencing Differentially Impacts Spindle Architecture and Metastatic Behavior in Brea	líneas celulares de cáncer de mama: MCF10A (inmortalizadas), T47D (bajo potencial metastásico), MDA-MB-231 (triple negativo, altamente metastásico)	solo MCF10A y T47D montaron respuesta de checkpoint dependiente de BubR1 proporcional a la pérdida de tensión intercinetocórica; MDA-MB-231 mostró señalización de checkpoint reducida	silenciamiento de HURP (DLGAP5)	en MDA-MB-231: colapso catastrófico del huso, apoptosis y arresto G2/M; en MCF10A y T47D: desorganización moderada e inversión del huso; reducción de tensión intercinetocórica en todas las líneas; defectos en migración colectiva y arquitectura de esferoides	False	HURP frecuentemente sobreexpresado en cánceres agresivos; el silenciamiento de HURP se posiciona como diana terapéutica prometedora en cánceres de mama agresivos	HURP como regulador multifuncional coordinando fidelidad mitótica y arquitectura tumoral
42479720	2026	CDCA8 regulates ATP5F1A protein stability and malignant phenotypes in wilms tumor cells: P	células de tumor de Wilms WiT49		knockdown de CDCA8	supresión de fenotipos malignos; reducción de niveles proteicos de ATP5F1A; aumento de ubiquitinación de ATP5F1A	False	CDCA8 upregulado en tumores de Wilms; asociado con peor supervivencia; contribuye a fenotipos malignos del tumor	CDCA8 mantiene la estabilidad proteica de ATP5F1A en tumor de Wilms
42485438	2026	Premature senescence impairs hematopoietic stem cell function during sickle cell disease i	ratones con enfermedad de células falciformes, células humanas de médula ósea de pacientes con enfermedad de células falciformes		terapia dirigida a senescencia: ABT-263 (navitoclax) o combinación de dasatinib y quercetina	mejora de la función de HSPCs en médula ósea in vivo en ratones y ex vivo en células de individuos con enfermedad de células falciformes	False	aumento del riesgo de malignidades mieloides asociado a la enfermedad de células falciformes	senescence-targeting therapy improves bone marrow HSPC function in vivo in mice and ex vivo in cells
42492841	2026	Exercise attenuates atherosclerosis by inhibiting eWAT aging via targeting SIRT1/pyruvate 	ratones ApoE-/- y C57BL/6 con dieta alta en grasas		ejercicio físico; tratamiento senolítico (dasatinib más quercetina); downregulación de PC mediante AAV; downregulación de SIRT1 mediante AAV	ejercicio amelioró remodelación e inflamación de eWAT, inhibió progresión de aterosclerosis; senolíticos y downregulación de PC atenuaron envejecimiento de eWAT y progresión de aterosclerosis; downregulación de SIRT1 revirtió efectos protectores del ejercicio	False		exercise attenuates unhealthy lifestyle-induced premature aging of eWAT
42593595	2026	Senolytics Reverse PM2.5 - Induced Cell and Vascular Dysfunction.	ratones C57BL/6J expuestos a PM2.5 ambiental concentrado		Senolyticos Dasatinib y Quercetin para eliminar celulas senescentes	Reversión de senescencia en MNCs y EPCs; reducción de actividad β-galactosidasa y expresión SASP; reversión de defectos en función de EPCs; limitación de activación endotelial in vivo	False		senolytic treatment may be efficacious in combatting adverse cardiovascular outcomes
42619900	2026	Spindle Assembly Checkpoint Competency Determines Sensitivity to KIF18A Inhibition in Smal	líneas celulares SCLC (neuroendocrina y no-neuroendocrina), tumores de pacientes, modelos de perturbación funcional	BUBR1 es componente del punto de control mitótico (SAC); células SAC-deficientes muestran reclutamiento kinetocórico deficiente de BUBR1, impidiendo parada mitótica sostenida	inhibición de KIF18A, inhibición de MPS1	células SAC-proficientes: parada mitótica sostenida y muerte apoptótica; células SAC-defectuosas: fallan en mantener activación de punto de control y sobreviven; inhibición de MPS1 restaura parcialmente sensibilidad a inhibición de KIF18A	False	KIF18A es dependencia selectiva en tumores CIN-alto; SCLC es cáncer prototypical CIN-alto; estudio identifica biomarcador para respuesta a inhibidores de KIF18A en ensayos clínicos en curso	SAC competency determines response to KIF18A inhibition; SAC-defective cells bypass checkpoint activation and survive
42624300	2026	From protection to progression: How CCT/TRiC shapes therapy-induced senescence in glioblas	glioblastoma multiforme (GBM) - modelo in vitro e in vivo, células de glioma madre (GSC)		inhibición de CCT/TRiC; combinaciones de senolíticos, potenciadores de inmunoterapia, y agentes dirigidos a CCT/TRiC	prevenir progresión mediada por SASP y recaída; compromiso de proteostasis y flujo autofágico	False	recurrencia del GBM impulsada por células senescentes; el complejo CCT/TRiC sostiene rasgos tipo madre y resistencia al tratamiento	senescent cells may initially limit growth, their persistence can fuel recurrence
42630932	2026	Tumor immunosenescence drives breast cancer progression and therapeutic resistance: mechan	modelos preclínicos (células, tumores murinos); estudios clínicos observacionales en pacientes con cáncer de mama		senolyticos (navitoclax, dasatinib más quercetin, fisetin), senomorphics, repleción de NAD+, agonistas STING, combinaciones senotherapy-inmunoterapia	potencial para mejorar inmunidad anti-tumor; mayoría en fases preclínicas o clínicas tempranas sin validación completa	False	inmunosenescencia tumoral contribuye a progresión del cáncer de mama y resistencia terapéutica; senescencia inducida por terapia puede paradójicamente impulsar recaída	targeting tumor immunosenescence represents a promising but incompletely validated therapeutic axis
42647139	2026	Spindle Assembly Checkpoint Competency Determines Sensitivity to KIF18A Inhibition in Smal	Líneas celulares de SCLC (neuroendocrinas y no neuroendocrinas), modelos de perturbación funcional		Inhibición de KIF18A; inhibición de TTK (MPS1)	Células SAC-competentes: parada mitótica sostenida y muerte apoptótica. Células SAC-defectivas: supervivencia. Inhibición de TTK restauró parcialmente sensibilidad en modelos resistentes	False	Carcinoma pulmonar de células pequeñas (SCLC); inestabilidad cromosómica pervasiva (CIN)	SAC competency as the primary determinant of response
42666534	2026	Simultaneous induction of differentiation and senescence in cardiac fibroblasts by TGF-&#x	fibroblastos cardíacos neonatales de rata		tratamiento con Navitoclax o Dasatinib + Quercetin (senolíticos)	disminución de viabilidad celular y reducción de células positivas para SA-β-gal	False		senotherapeutics treatment attenuates senescent CMFs, supporting therapeutic potential
42670437	2026	A Staged Translational Framework for Evaluating Oral Glutamatergic and Senescence-Modulati					False		
42680110	2026	T-2 toxin disrupts Alzheimer's-relevant App/Tau homeostasis via circadian-p53-senescence c	células humanas (neuroblastoma SH-SY5Y)		inhibición farmacológica de CLOCK y p53; tratamiento con senolytics (dasatinib y quercetin)	reducción de senescencia (SA-β-gal), atenuación de señalización p53, mejora del perfil APP/Tau	False		T-2 toxin remodels APP and Tau homeostasis through CLOCK-p53-senescence axis
42686970	2026	Targeting cellular senescence mitigates chemotherapy-induced bone loss in young and aged m	ratones jóvenes (3 meses) y envejecidos (20 meses), ambos sexos		dasatinib/quercetin (DQ), agentes senolíticos; doxorubicin (DX) solo o en combinación DX/DQ	DQ restauró parcialmente expresión génica osteogénica (Alpl, Runx2, Dmp1), redujo adiposidad medular, revirtió parcialmente firmas moleculares de senescencia en matriz extracelular; recuperación de arquitectura ósea trabecular modesta	False		cellular senescence as a potential therapeutic target for preserving skeletal health
42689913	2026	Insights Into the Interplay Between the Senescent Cells and Immune Cells.	ratones jóvenes, de mediana edad y envejecidos		intervenciones senolíticas genéticas y farmacológicas	reducción de carga de células senescentes y disminución de acumulación de células inmunitarias en riñones envejecidos	False		nichos inflamatorios asociados a senescencia emergen en el cortex renal durante el envejecimiento
42691218	2026	Senolytic Treatment Triggered by Carotid Occlusion Confers Protection Against Later Acute 	raton anciano con oclusión de arteria carótida común y posterior oclusión de arteria cerebral media		dasatinib más quercetin (D+Q), fármaco senolítico	reducción de volumen de infarto, disminución de despolarizaciones propagadas, reducción de carga de células senescentes cerebrovasculares, aumento de angiogénesis, modulación de marcadores inflamatorios centrales y sistémicos, contrarresta deterioro metabólico relacionado con la edad	False		D+Q confers multifaceted protection against subsequent AIS in the aged brain
42692552	2026	Flow cytometry analysis of mitochondrial apoptotic priming with BH3 profiling on senescent					False	Senescence acts as a tumor-suppressive mechanism; context of cancer and therapy-induced senescence mentioned	Senolytics selectively induce apoptosis in senescent cells targeting survival pathways
42700866	2026	Mitochondria-endoplasmic reticulum contact sites (MERCS/MAM): Multi-layered upstream regul	modelos AD (APP/PS1), tejidos humanos				False		MERCS dysfunction drives microglial senescence in Alzheimer's disease
42707630	2026	Senescent immune cells, inflammaging, and bone loss: therapeutic potential and translation	modelos de envejecimiento, osteoporosis posmenopáusica, pérdida ósea asociada a radioterapia		senolyticos (dasatinib más quercetina, fisetina, plataformas de liberación dirigidas a hueso)	reducción de carga de células senescentes, atenuación de inflamación relacionada con SASP, mejora de ciertos parámetros esqueléticos	False		senolytics selectively induce apoptosis in senescent cells by targeting senescent-cell anti-apoptotic pathways
